Q1v;Q2v;Q3v
3.0017711177673307;2.739297740505836;3.0017711177673307
2.8941487561298755;2.60767542819614;2.8941487561298755
2.9344217891495243;2.605238903450609;2.9344217891495243
2.930488451162638;2.5956340437412346;2.930488451162638
2.768369839009536;2.3705092566595263;2.768369839009536
2.677593604748708;2.2220080116693475;2.677593604748708
2.7347964081479974;2.2674299495042978;2.7347964081479974
2.782671709628404;2.3416310264478435;2.782671709628404
2.9563164160563966;2.4829234423748154;2.9563164160563966
2.919387676692181;2.5834803662438244;2.919387676692181
3.473418266485061;3.548418870733169;3.473418266485061
3.744312068578507;4.1474843003111905;3.744312068578507
3.2802100752865866;3.196803284736001;3.2802100752865866
2.984739276521778;2.6866984009433734;2.984739276521778
2.922468868204301;2.516685442911529;2.922468868204301
2.8194367371210114;2.31076544366065;2.8194367371210114
2.7090540680610475;2.2029873158241653;2.7090540680610475
2.7645746397170323;2.322593820522643;2.7645746397170323
2.8539134318550166;2.578828594697172;2.8539134318550166
2.816898854077857;2.633774526534686;2.816898854077857
2.7459582280638495;2.5406014569508613;2.7459582280638495
2.7098093334098197;2.4855432626938216;2.7098093334098197
2.6749068958505227;2.428071670052468;2.6749068958505227
2.623172437266969;2.3610001492896595;2.623172437266969
2.603636127532861;2.3226912575554297;2.603636127532861
2.5790994600465957;2.2963750470712014;2.5790994600465957
2.5558995729625456;2.265252685074112;2.5558995729625456
2.517030075180952;2.1981819913464533;2.517030075180952
2.531349873268044;2.2005408972798146;2.531349873268044
2.536562200555418;2.2412780434080775;2.536562200555418
2.5210654627683833;2.2341278419715724;2.5210654627683833
2.5184958524944996;2.229320863423561;2.5184958524944996
2.5442311484877154;2.2316459221617366;2.5442311484877154
2.5452240434776954;2.229215186662255;2.5452240434776954
2.60372531691914;2.3297481571348975;2.60372531691914
2.622862561969632;2.3704555912437235;2.622862561969632
2.6815410085667475;2.4566369745330023;2.6815410085667475
2.597199107322066;2.3370279887290746;2.597199107322066
2.5477075148037387;2.222048475145732;2.5477075148037387
2.5466339306195156;2.17894497976776;2.5466339306195156
2.546793176306962;2.1718096343409727;2.546793176306962
2.5506468431352913;2.178994510007813;2.5506468431352913
2.535167321916135;2.1574002465660573;2.535167321916135
2.5055127189241033;2.1023082051138324;2.5055127189241033
2.474381993604937;2.0496460721259395;2.474381993604937
2.464102362479746;2.0400824723051203;2.464102362479746
2.548560344313043;2.1166622734026452;2.548560344313043
2.7482189278994547;2.3513151590396877;2.7482189278994547
2.6794208067649405;2.3106894789187797;2.6794208067649405
2.7832552576300733;2.430371121323978;2.7832552576300733
2.910262265768828;2.53571768662583;2.910262265768828
2.937154309819971;2.602811506714705;2.937154309819971
3.3845501339403787;3.3522185665855764;3.3845501339403787
3.082143810501445;2.8112299664784164;3.082143810501445
2.9485895202388006;2.7824821628365775;2.9485895202388006
2.8904314774176956;2.56446711371499;2.8904314774176956
3.233700327084881;3.1943270929262564;3.233700327084881
3.347848747590809;3.0721503593947834;3.347848747590809
3.9957509281988677;3.3116622655483186;3.9957509281988677
3.7885088459930203;3.3953460459828944;3.7885088459930203
3.8520780916418955;3.3190271592710143;3.8520780916418955
3.3063895019922507;2.801711792344881;3.3063895019922507
3.180644287851471;2.7178513326180287;3.180644287851471
3.2921207200822633;3.019528720506254;3.2921207200822633
3.4578670177962585;3.304716893222164;3.4578670177962585
3.154587929174233;2.751468846987351;3.154587929174233
3.005603136309869;2.5167193207296936;3.005603136309869
3.173099174956396;2.770486204068955;3.173099174956396
3.2799179767288713;2.9094841309353168;3.2799179767288713
3.051595113831279;2.5790383553954426;3.051595113831279
2.9506369224363422;2.4472492575922886;2.9506369224363422
2.8793114539766083;2.3371080886466937;2.8793114539766083
2.857444757949958;2.2892132977655777;2.857444757949958
2.8224870252337606;2.258035616282385;2.8224870252337606
2.797906597633838;2.2124865293952123;2.797906597633838
2.974331975665796;2.375279906906903;2.974331975665796
3.374537403341207;3.086441634258166;3.374537403341207
3.2397388022625866;2.8614852867402147;3.2397388022625866
3.4071164015265554;3.1392449758958296;3.4071164015265554
3.7035182762267094;3.8195064156065843;3.7035182762267094
3.5899546691164064;3.2327400992204294;3.5899546691164064
3.185438589364086;2.689142369005253;3.185438589364086
2.9846360774127962;2.454451470374297;2.9846360774127962
2.904339006618967;2.351477012945225;2.904339006618967
2.8525320363106355;2.279627398618692;2.8525320363106355
2.839632163243612;2.248466227215517;2.839632163243612
2.8228711567791405;2.301157245187697;2.8228711567791405
2.810052643285487;2.2748063604731334;2.810052643285487
2.981448009804002;2.4231730130947398;2.981448009804002
3.009682284010959;2.4855448861411427;3.009682284010959
3.0062110786467384;2.356269104860539;3.0062110786467384
2.840964048385838;2.246099050930657;2.840964048385838
2.7723081476207123;2.1694647573821793;2.7723081476207123
2.7062646397286616;2.1095797663565117;2.7062646397286616
2.6738107612303423;2.0999814923053566;2.6738107612303423
2.6426710721770634;2.054452223638801;2.6426710721770634
2.6271545465130215;2.0471790083258226;2.6271545465130215
2.598699953307415;2.037457720398194;2.598699953307415
2.5676423347278536;2.0041126682836343;2.5676423347278536
2.563775635691288;1.9897569459245221;2.563775635691288
2.575591463674984;1.9825200589121785;2.575591463674984
2.6872063549363805;2.1166226369614107;2.6872063549363805
2.627285635604175;2.121413932464554;2.627285635604175
2.668481704240592;2.1310600826854627;2.668481704240592
3.249593199021645;2.646042089898943;3.249593199021645
3.5916591932915036;3.316776288712492;3.5916591932915036
3.810736678842867;2.746717984337613;3.810736678842867
3.279386676377488;2.581399742434254;3.279386676377488
2.956458000512906;2.332101335068168;2.956458000512906
2.7814796106973225;2.212171183804573;2.7814796106973225
2.7439077966932373;2.1522151902479343;2.7439077966932373
2.6389011855026325;2.049577581323397;2.6389011855026325
2.565016451782602;2.0496048122373844;2.565016451782602
2.9207836380855574;2.396872516278359;2.9207836380855574
2.7660557884000734;2.2388043939497404;2.7660557884000734
2.7165149860144897;2.1118503632667136;2.7165149860144897
2.6129831912358465;2.049657650618037;2.6129831912358465
2.6640448748420575;2.131097268644227;2.6640448748420575
2.81834661590347;2.813756454317406;2.81834661590347
2.6312929071165323;2.346645284588676;2.6312929071165323
2.5249345070211744;2.1526329350822593;2.5249345070211744
2.466573765534304;2.0520388558774654;2.466573765534304
2.4212194189541334;2.023287774718006;2.4212194189541334
2.386250630324003;1.9802024434903511;2.386250630324003
2.357763217033153;1.9370659279523428;2.357763217033153
2.3591969605261047;1.9155228488209401;2.3591969605261047
2.3489152372210924;1.8843814956383829;2.3489152372210924
2.3152074350589236;1.8628227334621124;2.3152074350589236
2.3426537771154554;1.8507904157708763;2.3426537771154554
2.727929048727716;2.0373297443108207;2.727929048727716
2.6695222587562073;2.1164277935188163;2.6695222587562073
2.4943179843028553;1.9416367725462256;2.4943179843028553
2.433357690901326;1.8770158055035167;2.433357690901326
2.484105183377806;1.92730334951318;2.484105183377806
2.4475744406080384;1.879466359223616;2.4475744406080384
2.6313040220707395;2.09728242972686;2.6313040220707395
2.6515632187996125;2.185931703851406;2.6515632187996125
2.5398199256417113;2.1524487818506555;2.5398199256417113
2.456866510611329;2.0064047068617747;2.456866510611329
2.407644869979767;2.0160153558171983;2.407644869979767
2.373961635069075;1.9513572334387042;2.373961635069075
2.35831868380283;1.9011068447648263;2.35831868380283
2.376819967071046;1.826852929440627;2.376819967071046
2.3998040103273994;1.8268512753703272;2.3998040103273994
2.3273382404369976;1.798072136261731;2.3273382404369976
2.311606578913782;1.7813385167837898;2.311606578913782
2.2999389407035995;1.7742039983921525;2.2999389407035995
2.301307044026064;1.8029468092001137;2.301307044026064
2.343986448522329;1.8675834592876905;2.343986448522329
2.348011682345994;1.8602937338946939;2.348011682345994
2.3221370444278584;1.865135386673041;2.3221370444278584
2.261165215983087;1.728658219645579;2.261165215983087
2.2431447202156485;1.7071522958499619;2.2431447202156485
2.244485569091987;1.728761415301436;2.244485569091987
2.265367391191385;1.7503020133273886;2.265367391191385
2.2548622791934334;1.7168372554769553;2.2548622791934334
2.28280938787757;1.759865613148208;2.28280938787757
2.509608932649981;2.0927189672033677;2.509608932649981
2.6997963373043463;2.2483588351379535;2.6997963373043463
3.1152292804849417;2.4869394686603523;3.1152292804849417
3.9197287686070132;3.690113256580661;3.9197287686070132
3.339538628901076;2.598079604627456;3.339538628901076
3.4211268190534616;2.689037458033139;3.4211268190534616
2.9079727563896483;2.3827595135315947;2.9079727563896483
2.5534692862800368;2.030731053042063;2.5534692862800368
2.4289260987412034;1.9062061037882183;2.4289260987412034
2.563634279882672;2.011551842054921;2.563634279882672
2.3715100198915238;1.8822843005028371;2.3715100198915238
2.304216772695265;1.793654844598908;2.304216772695265
2.274290836536993;1.7625143184515006;2.274290836536993
2.2586109967113814;1.6906548103261487;2.2586109967113814
2.253427421035128;1.702628500390683;2.253427421035128
2.4580965405201662;1.8365709092276563;2.4580965405201662
2.5882511546875606;2.4712956063325278;2.5882511546875606
2.4183534456427633;1.9372434036567903;2.4183534456427633
2.3907531569237817;1.783946758610698;2.3907531569237817
2.4341042835186193;1.7145171589496782;2.4341042835186193
2.5635404500968137;1.7169107391133753;2.5635404500968137
2.3757654220885787;1.6522212506451455;2.3757654220885787
4.614184073849527;4.170249448468255;4.614184073849527
4.413093186261665;4.870799000616631;4.413093186261665
3.9048082039408576;4.282050171373947;3.9048082039408576
3.1436218698274425;2.660658083346424;3.1436218698274425
2.773766782010021;2.382792656183546;2.773766782010021
2.580394936681071;2.1528319443235815;2.580394936681071
2.4273167738777266;1.9636009658985105;2.4273167738777266
2.331404717164125;1.9276749028710298;2.331404717164125
2.322483439362639;1.805493176505679;2.322483439362639
2.3640310455520948;1.831837444939044;2.3640310455520948
2.287162149242717;1.7720044652588791;2.287162149242717
2.2743067471896974;1.7600423230634636;2.2743067471896974
2.293816992507334;1.685771070624097;2.293816992507334
2.3070630905246854;1.7001408219577776;2.3070630905246854
2.2560315398090696;1.6618484403035656;2.2560315398090696
2.2313545123621994;1.8558434220718354;2.2313545123621994
2.22045559418441;1.6522476851469612;2.22045559418441
2.2677505766959976;1.6929485029745888;2.2677505766959976
2.27800594770505;1.8175171932224377;2.27800594770505
2.228636596429283;1.6642378852915134;2.228636596429283
2.205379322008512;1.6546734584355443;2.205379322008512
2.238398438540635;1.733612165466431;2.238398438540635
2.600400479616863;2.1838212761534628;2.600400479616863
2.5024920126856354;1.951570241031616;2.5024920126856354
2.878701424586769;2.1955217075510625;2.878701424586769
3.1977674059072956;3.412368423434765;3.1977674059072956
3.0008516126406173;3.0532599982505073;3.0008516126406173
2.9850254627061266;2.4546190216569466;2.9850254627061266
2.652271113801379;2.356440821941917;2.652271113801379
2.53511469562034;2.066629854532578;2.53511469562034
2.7595507481449943;2.406634237059393;2.7595507481449943
2.8403957600991085;2.8641025340848354;2.8403957600991085
2.792976966747488;3.012697877344221;2.792976966747488
2.5791212464055797;2.4570291119006615;2.5791212464055797
2.531627730332018;2.5575884862521407;2.531627730332018
3.0972545236862614;2.923670494826585;3.0972545236862614
3.551668735846021;4.13574904156836;3.551668735846021
3.6099533008989964;3.5226202619755442;3.6099533008989964
3.1880203654614294;2.957524939562207;3.1880203654614294
2.7859833060613886;2.3947043186118417;2.7859833060613886
2.661552992265996;2.059399583801433;2.661552992265996
2.7176498705251273;2.0114238965905273;2.7176498705251273
2.5810346249590483;1.9156987317010459;2.5810346249590483
2.5071197583484226;1.8055319859117636;2.5071197583484226
2.7078723332080816;1.8293448042952396;2.7078723332080816
2.9235850386052324;2.0976704931647276;2.9235850386052324
2.6472072456479503;1.9540233064801438;2.6472072456479503
2.6395049792452503;1.8174404626913765;2.6395049792452503
3.0194690546080607;1.8102035756790327;3.0194690546080607
2.8641131725146995;1.8388778650614728;2.8641131725146995
3.431104122307357;2.075959832127697;3.431104122307357
3.642145978729476;2.384945078936257;3.642145978729476
3.473055952122717;2.3634531841152087;3.473055952122717
3.2681250826030808;2.035371307342575;3.2681250826030808
2.9322880895878893;1.8486065963054497;2.9322880895878893
2.7468448744287155;1.9085188182451045;2.7468448744287155
2.652234569966746;1.932467025409323;2.652234569966746
2.5964981388958313;1.8151145769180506;2.5964981388958313
2.562880947920634;1.8677899118453614;2.562880947920634
2.9841168077435025;2.2244561149069764;2.9841168077435025
2.870349562042361;2.1791547098430506;2.870349562042361
2.703010294403819;1.9660060939313264;2.703010294403819
2.6709408353303674;1.7814806137146677;2.6709408353303674
2.895760017688743;2.104715170954822;2.895760017688743
2.7486425385691806;2.00411034029308;2.7486425385691806
2.6641680510683514;1.8389200438541144;2.6641680510683514
2.5889179012205044;1.747936613604744;2.5889179012205044
2.557836310404293;1.7120155127881622;2.557836310404293
2.54359080908646;1.7120270606572812;2.54359080908646
4.4070093150551;1.8577285285185563;4.4070093150551
4.1430545052784575;3.615736664232757;4.1430545052784575
3.499951365268807;3.9322980664176876;3.499951365268807
3.523927036111669;3.5155718777314067;3.523927036111669
3.281432716551405;3.245003649900853;3.281432716551405
3.263291497971766;3.4413550564970348;3.263291497971766
3.3276565132716236;3.2042507594817646;3.3276565132716236
3.2324151558650827;2.7826242597674553;3.2324151558650827
3.2135785500855594;2.638854886241548;3.2135785500855594
3.0732797075214933;2.4712470868654974;3.0732797075214933
2.9034153759873718;2.22930527224763;2.9034153759873718
2.8658702214145855;2.1334124948295417;2.8658702214145855
2.786720436559411;2.0137787285940973;2.786720436559411
2.785838072106162;1.9825490357654019;2.785838072106162
2.7985900625350126;2.2556428937768174;2.7985900625350126
2.773738972147978;2.2172886069782827;2.773738972147978
2.7177941608866627;2.061680932168583;2.7177941608866627
2.664914317294456;1.9275758730139017;2.664914317294456
2.6404049042543165;1.8605233434365607;2.6404049042543165
2.6301936004942603;1.8221971145871632;2.6301936004942603
2.695118458173258;1.7647090118657913;2.695118458173258
2.588795374107972;1.7215749774332325;2.588795374107972
2.5409424318137015;1.70721925507412;2.5409424318137015
2.5589012805204767;1.776696730904894;2.5589012805204767
2.5123674982955357;2.2701141560730758;2.5123674982955357
2.64120957878465;2.310752241721231;2.64120957878465
3.168104005285055;3.222828041779998;3.168104005285055
3.5338367966265842;3.7884410271658964;3.5338367966265842
3.358672426327954;3.215968466748574;3.358672426327954
3.3585035252619004;3.3933215074486185;3.3585035252619004
3.1223456725545735;2.820964486968443;3.1223456725545735
3.0053781906748673;2.598169690212831;3.0053781906748673
2.9253488075940117;2.626940558969928;2.9253488075940117
2.788122167497134;2.4377574873375902;2.788122167497134
2.7688144295954418;2.392205919344968;2.7688144295954418
2.8517515302081122;2.5885466051071804;2.8517515302081122
3.545405327476791;4.072880365166017;3.545405327476791
3.577462264295366;4.605266319479952;3.577462264295366
3.2613539346664604;3.2016862280258818;3.2613539346664604
3.1442222962520865;3.1585174887400083;3.1442222962520865
2.9550884000254483;2.9070723559983227;2.9550884000254483
2.863202958414986;2.693919604910849;2.863202958414986
2.8398750326782203;2.5645686859235264;2.8398750326782203
2.8600289537055223;2.54535149256545;2.8600289537055223
2.9150933206994405;2.621879282317471;2.9150933206994405
3.0812377809468847;2.973968851539154;3.0812377809468847
3.064370963543084;3.096102701734751;3.064370963543084
2.9451395410618204;2.8399215929760246;2.9451395410618204
3.070355029390028;2.992745204324668;3.070355029390028
4.662503710869919;5.434976252338249;4.662503710869919
4.84084993113967;6.265079622907188;4.84084993113967
3.958783502952227;4.123797099401554;3.958783502952227
3.4365319321881542;3.249511762315264;3.4365319321881542
3.3745441947753694;3.2996192882690725;3.3745441947753694
3.229091198525298;2.899782691851284;3.229091198525298
2.9905362664761745;2.6387153010390985;2.9905362664761745
2.943892892717269;2.5859747222038862;2.943892892717269
2.959298636817691;2.643472718724077;2.959298636817691
2.8556384401425428;2.487792387313107;2.8556384401425428
2.845414699189079;2.5021084732309853;2.845414699189079
2.8493518177706005;2.451804419141304;2.8493518177706005
2.775415262352966;2.399138978012812;2.775415262352966
2.7248479934705947;2.3871760087822462;2.7248479934705947
2.708048006266935;2.37521552065713;2.708048006266935
2.730125769678635;2.4231036952570477;2.730125769678635
3.6089778795323317;3.7441841848002055;3.6089778795323317
4.361246956846311;4.554477622577746;4.361246956846311
3.656081685792407;3.2442935020992305;3.656081685792407
3.246385121323489;2.810923657028468;3.246385121323489
3.132489478667182;2.885032259150126;3.132489478667182
3.121960181917393;2.935524540401203;3.121960181917393
3.0053505951726254;2.7726263131633564;3.0053505951726254
3.0260466280387974;2.8708383600735723;3.0260466280387974
3.244344073039229;3.0768037543887563;3.244344073039229
3.3836974425042667;3.1775290871985424;3.3836974425042667
3.046662798496592;2.7728558308362863;3.046662798496592
2.9184369914742385;2.6650785300349513;2.9184369914742385
4.006039228551822;4.692960367576994;4.006039228551822
4.170390042914539;4.969095068259361;4.170390042914539
3.6702178080914614;3.448257484241356;3.6702178080914614
3.3331228983025976;3.0244314207707945;3.3331228983025976
3.1879110077080184;2.9022430781242443;3.1879110077080184
3.452973186825117;3.4959788427248366;3.452973186825117
3.8709015735248533;4.865947239678612;3.8709015735248533
3.4717647999305927;4.130916608668578;3.4717647999305927
3.2406261963803993;3.3453168740074686;3.2406261963803993
3.022055595579851;3.371626468210498;3.022055595579851
2.9442801905866056;3.1272976897101326;2.9442801905866056
3.1842715745886965;3.4842652093878175;3.1842715745886965
3.0192174146986774;3.151472106406681;3.0192174146986774
2.9933752897304466;3.010147497354823;2.9933752897304466
3.089628121640777;3.134603925183147;3.089628121640777
3.36704550993275;3.464958879971432;3.36704550993275
3.8112773091039753;4.037452116267501;3.8112773091039753
3.461898352496799;3.465141348509758;3.461898352496799
3.1819331393676182;3.072350134425298;3.1819331393676182
3.042432905300093;2.9238687076557364;3.042432905300093
3.1010866687602117;4.109326480402571;3.1010866687602117
3.181303494646023;3.7572584140947844;3.181303494646023
3.7163293416703;4.293489565893986;3.7163293416703
3.978422015024999;4.873516166099487;3.978422015024999
3.546888079890012;3.889285330545345;3.546888079890012
3.134591368491608;3.1923191257179564;3.134591368491608
3.0674970393664798;3.070106002639891;3.0674970393664798
3.1113726923103853;3.280926251672839;3.1113726923103853
3.39095174350095;3.8029932470379033;3.39095174350095
3.3510467942230893;3.6091014609254897;3.3510467942230893
3.176062435003381;3.221125495740539;3.176062435003381
3.1541403279343125;3.1755425616581814;3.1541403279343125
3.367065817460284;3.5894747930845865;3.367065817460284
4.171468928133275;5.002770475089173;4.171468928133275
4.046813898464402;4.428095869810148;4.046813898464402
3.9251460682455965;3.941872356449497;3.9251460682455965
4.165906498671271;4.595802760289284;4.165906498671271
3.6400254901353897;3.779094661982675;3.6400254901353897
3.4184440132152623;3.422149380385098;3.4184440132152623
3.886187307722939;4.332048712425849;3.886187307722939
5.3647431060750534;7.4935518774656025;5.3647431060750534
5.203118011298482;6.734563941904702;5.203118011298482
4.96869116339121;5.864853615211023;4.96869116339121
6.378307649843308;7.55594773453135;6.378307649843308
5.380930992650425;5.735727251685731;5.380930992650425
4.196000682026008;4.281822399640254;4.196000682026008
3.5541805029287583;3.4841919094892715;3.5541805029287583
3.2907631366991783;3.0961283704473748;3.2907631366991783
3.3076052016566497;2.990699224122454;3.3076052016566497
3.5408607400095744;3.7594407019818266;3.5408607400095744
4.049305145504419;4.705693766306183;4.049305145504419
3.68165775937306;4.190770356096426;3.68165775937306
3.4745373021295785;3.6877479793499326;3.4745373021295785
3.3202770164868154;3.3524019234050098;3.3202770164868154
3.3670764564083275;3.2037413362377225;3.3670764564083275
3.9690633288007975;4.350970317167946;3.9690633288007975
3.691441998636777;3.7163471310256524;3.691441998636777
3.3878035243152604;3.196586999625469;3.3878035243152604
3.260627144591101;3.095992093385525;3.260627144591101
3.2416979164872206;3.1463465047504093;3.2416979164872206
3.1603588915647567;3.0457772059771315;3.1603588915647567
3.113904301369065;2.949977730416081;3.113904301369065
3.1931750428169927;2.9714795190359493;3.1931750428169927
4.359256293958939;4.324740761636578;4.359256293958939
4.019766868449757;3.620692111009013;4.019766868449757
3.463927432071066;3.146455489652315;3.463927432071066
3.2878704874469697;2.971605841053022;3.2878704874469697
3.7092753805454395;3.6613681177821453;3.7092753805454395
4.161014872833647;4.612206025051973;4.161014872833647
3.780199328897946;3.956047203094625;3.780199328897946
3.5222180070493847;3.414687876664766;3.5222180070493847
3.6090542442842235;3.6877214529791793;3.6090542442842235
3.8304420829023664;4.212284458374604;3.8304420829023664
3.4063627809482337;3.3620670341884074;3.4063627809482337
3.1459230128890487;2.952462927743537;3.1459230128890487
3.0381424797082817;2.820693648161;3.0381424797082817
2.9229868473543323;2.66501000860943;2.9229868473543323
2.892008496168321;2.557232707808096;2.892008496168321
2.93724795218953;2.614714194248269;2.93724795218953
2.9062977575998112;2.5763863113285717;2.9062977575998112
2.870122203514483;2.5045243220977698;2.870122203514483
3.002280371009256;2.6242340224521046;3.002280371009256
3.5930416908458285;3.884038093476089;3.5930416908458285
3.2290264625144935;3.2134765306480038;3.2290264625144935
3.0554622195646743;2.8925448553118747;3.0554622195646743
2.9907950678288535;2.7727088329404674;2.9907950678288535
3.3291838054362897;3.2109574555023834;3.3291838054362897
3.5529080190069493;3.5583159802949456;3.5529080190069493
3.3029660122621163;3.177536469268934;3.3029660122621163
3.4064912638871743;3.1966694581566206;3.4064912638871743
3.555645127802046;3.6901232422484167;3.555645127802046
3.3536960002912295;3.2326846572424106;3.3536960002912295
3.274655731605719;3.0913707690245227;3.274655731605719
3.112637480638349;2.8135458665839868;3.112637480638349
3.0542897713597137;2.712939412474924;3.0542897713597137
2.990596553522731;2.5979805441473482;2.990596553522731
2.885786862843587;2.487793980137449;2.885786862843587
2.8417733651397556;2.456511448928101;2.8417733651397556
2.797565825368932;3.234887437270326;2.797565825368932
2.815763262521004;2.5667367917211057;2.815763262521004
2.8533732709996302;2.3655519720750964;2.8533732709996302
2.872865109719734;2.3392175974405505;2.872865109719734
2.8883440359240633;2.3320467507482787;2.8883440359240633
2.9619594127721562;2.399131473450505;2.9619594127721562
3.1139751439348804;2.6769968087444465;3.1139751439348804
3.1786426028060397;2.9476384589654625;3.1786426028060397
3.2227927552401416;2.9069219580929673;3.2227927552401416
3.155295196327605;2.9859836790003276;3.155295196327605
3.0822775675313965;2.7728276503952336;3.0822775675313965
3.569938518571938;3.6133567455678803;3.569938518571938
6.262278880452518;7.251420488060546;6.262278880452518
6.423442420283463;5.357174075985273;6.423442420283463
4.698071682977373;3.673384629936597;4.698071682977373
3.859135222022536;3.232661500258215;3.859135222022536
3.467947582131233;2.899608340549562;3.467947582131233
3.0966844067164967;2.6816725643104435;3.0966844067164967
3.0137112038091063;2.5835001538414626;3.0137112038091063
2.983981401897648;2.523630845860662;2.983981401897648
2.9776101377428588;2.5308115863517537;2.9776101377428588
3.0021945584526044;2.5595552241948645;3.0021945584526044
3.4493527716421823;3.055292776513302;3.4493527716421823
3.3274053128926377;2.9499594437738477;3.3274053128926377
3.2716606289879584;2.959562680035901;3.2716606289879584
3.238102513764295;2.997912035246516;3.238102513764295
3.165534061669126;2.9284700606812266;3.165534061669126
3.087826389026188;2.8422564842670615;3.087826389026188
3.007570986166195;2.7560214355619794;3.007570986166195
2.941495444453548;2.648229278750927;2.941495444453548
2.8830991956867855;2.573974536391578;2.8830991956867855
2.8739224953717644;2.5668136141211035;2.8739224953717644
2.836304904438501;2.5308958214451214;2.836304904438501
2.7884993116027035;2.4926042668260595;2.7884993116027035
3.0021291307973046;2.6913641402186355;3.0021291307973046
4.322520593105443;3.4458019376873783;4.322520593105443
4.391124263652131;3.426680527291789;4.391124263652131
3.983246872449067;3.0842214558691254;3.983246872449067
3.344345024520857;2.7488976992502696;3.344345024520857
3.0916746814652196;2.6003981083303906;3.0916746814652196
3.00361079749819;2.518984894183039;3.00361079749819
2.919352040871361;2.444707852497623;2.919352040871361
2.857108285930214;2.3560792236288437;2.857108285930214
2.8181628029645465;2.30334608810998;2.8181628029645465
2.8141614254920126;2.262606460876268;2.8141614254920126
2.794821365890236;2.245855504283159;2.794821365890236
2.7974777101267887;2.23629025039204;2.7974777101267887
2.842952014519878;2.2434751260588803;2.842952014519878
2.871439024045721;2.281798873802828;2.871439024045721
2.7781985113210297;2.2243297622669242;2.7781985113210297
2.7419477583162752;2.197998695772978;2.7419477583162752
2.756040694251132;2.1979978687378283;2.756040694251132
2.7712994386076963;2.159689804038748;2.7712994386076963
2.7404236161515385;2.1525032743016084;2.7404236161515385
2.7547817999629918;2.183624809263548;2.7547817999629918
2.832486594161461;2.2075589874531976;2.832486594161461
2.7924814208487554;2.2099533946520444;2.7924814208487554
2.766602598570977;2.181190765623466;2.766602598570977
2.686155840838641;2.1764168072354906;2.686155840838641
2.7692539721832397;2.2147413820145885;2.7692539721832397
2.859954603759635;2.3608349872435226;2.859954603759635
3.7286726226563998;3.0000645192451847;3.7286726226563998
4.574259737574872;3.970216168624769;4.574259737574872
3.4351645397660353;2.827812422261811;3.4351645397660353
3.1293907326542136;2.5332233612887474;3.1293907326542136
2.9504262810039736;2.360759053124632;2.9504262810039736
2.807893516852942;2.2601534260507194;2.807893516852942
2.7729596404878767;2.1954961307073755;2.7729596404878767
2.7496907151383447;2.154774667623981;2.7496907151383447
2.684948364483098;2.121238907242577;2.684948364483098
2.6370190332397456;2.0996801450663067;2.6370190332397456
2.674798325284066;2.0876849827108552;2.674798325284066
2.707067200813807;2.0972807756565603;2.707067200813807
2.626593783650171;2.0805298190634516;2.626593783650171
2.5877030008265764;2.090091764813971;2.5877030008265764
2.572055981086208;2.0829052350768307;2.572055981086208
2.526696855131568;2.0805083467725343;2.526696855131568
2.5034415570050994;2.047026251806933;2.5034415570050994
2.5216007996826306;2.0518158932397768;2.5216007996826306
2.517766920731309;2.0518324033197946;2.517766920731309
2.4930621597090044;2.0231052755567016;2.4930621597090044
2.4749159492397084;2.1189311549965897;2.4749159492397084
2.464596626474983;2.0638226034643465;2.464596626474983
2.4203849023445168;2.073420050480352;2.4203849023445168
2.4294570571141643;2.042281178403244;2.4294570571141643
2.4100110706875393;2.0255310488452847;2.4100110706875393
2.38283993902155;2.0016125537005025;2.38283993902155
2.382883699135208;1.9824671899085466;2.382883699135208
2.3894161852717457;1.9728689158573918;2.3894161852717457
2.4127008300241624;2.008762755137008;2.4127008300241624
2.659681302911731;2.279321854957934;2.659681302911731
2.465907417825028;2.2769943151143086;2.465907417825028
2.386852140636979;2.133314108269689;2.386852140636979
2.3648256039080557;1.9225326686428248;2.3648256039080557
2.3285310907896433;1.8722665969240784;2.3285310907896433
2.3116307424002525;1.8507086617829578;2.3116307424002525
2.2896266807429853;1.8267563194429903;2.2896266807429853
2.2753778972156766;1.7932222131318858;2.2753778972156766
2.2506929240703792;1.786069530589931;2.2506929240703792
2.2519763856099972;1.781313736352273;2.2519763856099972
2.2364926800311986;1.6903121725755643;2.2364926800311986
2.269688503245093;1.6974978752775547;2.269688503245093
2.4678824271151334;1.8123997700487278;2.4678824271151334
2.4454117035653113;1.8890646026517917;2.4454117035653113
2.4142598844539633;1.8124336172439135;2.4142598844539633
2.6386775254397445;2.2819168642224454;2.6386775254397445
2.429994233171827;1.7717311453459865;2.429994233171827
2.4403239009501396;1.7837073165159703;2.4403239009501396
2.5901631732269212;1.833885875623728;2.5901631732269212
2.821530345677708;2.4926107912383215;2.821530345677708
2.6126580765872407;1.98488965505653;2.6126580765872407
2.5127496130253952;1.845983406599886;2.5127496130253952
2.4793066762401814;1.786102550749967;2.4793066762401814
2.4831455258157935;1.8124493002887816;2.4831455258157935
2.4079815149157873;1.7142620338100825;2.4079815149157873
2.367669309907129;1.675955623181302;2.367669309907129
2.349534039466248;1.6496080466073377;2.349534039466248
2.33666639146964;1.6256548772322201;2.33666639146964
2.308143470898898;1.6089055747094105;2.308143470898898
2.310669321059124;1.7406607946944002;2.310669321059124
2.2861012147670903;1.5514372902086562;2.2861012147670903
2.2835665167582704;1.5873658037186076;2.2835665167582704
2.2961211231335845;1.5705983370454806;2.2961211231335845
2.2626066926592787;1.6568441065845316;2.2626066926592787
2.257455937068269;1.6352869984785607;2.257455937068269
2.2872492869703933;1.4676206020987876;2.2872492869703933
2.302927150501702;1.407739746248869;2.302927150501702
2.340630053596941;1.3981414721977143;2.340630053596941
2.306989197520433;1.4029492777808754;2.306989197520433
2.2525197223216047;1.3502714617481144;2.2525197223216047
2.247170029403614;1.333504822110137;2.247170029403614
2.2796634836559484;1.3191334167061566;2.2796634836559484
2.3678689176132384;1.3287143536421437;2.3678689176132384
2.3016430939472574;1.333504822110137;2.3016430939472574
2.279578171493973;1.3263364565233147;2.279578171493973
2.262762464887429;1.3071745826513406;2.262762464887429
2.2782188001345824;1.302384114183347;2.2782188001345824
2.293343611798608;1.2999888799493502;2.293343611798608
2.267764203919061;1.2808443431925438;2.267764203919061
2.301489817663936;1.2688508349073924;2.301489817663936
2.2846077599865584;1.2592698979714054;2.2846077599865584
2.2796108756936975;1.2497062981505862;2.2796108756936975
2.253750460013453;1.240125361214599;2.253750460013453
2.231549553209026;1.2305444242786119;2.231549553209026
2.2444452419164076;1.2209808244577929;2.2444452419164076
2.2649170593037744;1.2209634873426252;2.2649170593037744
2.2195340769980034;1.2161903559897993;2.2195340769980034
2.227533358483774;1.2161730188746316;2.227533358483774
2.2004046056519684;1.2161903559897993;2.2004046056519684
2.195264790089373;1.2113998875218057;2.195264790089373
2.22384640391201;1.211382550406638;2.22384640391201
2.30045312203908;1.2401080240994313;2.30045312203908
2.229120897910574;1.2640777035545665;2.229120897910574
2.2200604694339887;1.26886817202256;2.2200604694339887
2.2226437069309357;1.2640950406697344;2.2226437069309357
2.2246362931008856;1.2712807433717248;2.2246362931008856
2.1966219533834233;1.273693314720889;2.1966219533834233
2.1993863166246457;1.2736759776057214;2.1993863166246457
2.1786062369904537;1.268884682102578;2.1786062369904537
2.203353971861769;1.268884682102578;2.203353971861769
2.2202380058334485;1.2616989794005877;2.2202380058334485
2.1735646904337687;1.2616989794005877;2.1735646904337687
2.20091276348439;1.3143941325485164;2.20091276348439
2.368370203891369;1.443703761024305;2.368370203891369
2.7247247418799994;1.4029847790463605;2.7247247418799994
2.569027022013975;1.3933865049952059;2.569027022013975
2.5304036005121637;1.4484595552619632;2.5304036005121637
3.25942969913653;1.6543291666146602;3.25942969913653
2.631913610291689;1.7262902163255696;2.631913610291689
2.4142865438852623;1.6137480545229073;2.4142865438852623
2.3119608441826878;1.4892132114702437;2.3119608441826878
2.297807642466641;1.4101531446331832;2.297807642466641
2.494229503070611;1.4101011332876798;2.494229503070611
2.749046247485897;1.4843542215767291;2.749046247485897
2.4092676636500534;1.4508902907614454;2.4092676636500534
2.330248488756724;1.3071935738368081;2.330248488756724
2.33169776040274;1.81498323144412;2.33169776040274
2.518563587776631;1.5730472366952801;2.518563587776631
2.409520993983767;1.4844235700374;2.409520993983767
2.3407077484611962;1.4389314567066296;2.3407077484611962
2.4226825468479394;1.8844276871148584;2.4226825468479394
2.433951543395364;2.150299514123648;2.433951543395364
2.345882285039037;1.6257597269583766;2.345882285039037
2.4146195453775334;1.6017727103880735;2.4146195453775334
2.3666957797732993;1.628120286962038;2.3666957797732993
2.3135938128821083;1.613766218673225;2.3135938128821083
2.2850906801883744;1.5946216819164185;2.2850906801883744
2.267024332127456;1.6065978530864027;2.267024332127456
2.2541019839887757;1.6329462566955164;2.2541019839887757
2.2346518132025084;1.6449224278655001;2.2346518132025084
2.2385273600876663;1.6664787089363213;2.2385273600876663
2.9515775294139117;2.0206802986802894;2.9515775294139117
3.218601862038681;2.736975867416344;3.218601862038681
3.0156194369980045;2.483132222923041;3.0156194369980045
2.831585110200817;2.365800419687535;2.831585110200817
2.691657272353742;2.2771767530296554;2.691657272353742
2.641035494579118;2.31071085934076;2.641035494579118
2.4943272900153897;2.1742163551981304;2.4943272900153897
2.471096559140398;2.090383157008244;2.471096559140398
2.5813343079809163;2.1334800361050177;2.5813343079809163
2.469770834652117;2.1215212020502014;2.469770834652117
2.4348198576046913;2.0736165173702665;2.4348198576046913
2.381538146248701;2.0257118326903316;2.381538146248701
2.354077753948248;2.0257118326903316;2.354077753948248
2.391933147062161;2.01371915144033;2.391933147062161
2.51496610753881;2.1981175132277446;2.51496610753881
2.5913101490984145;2.2747493562937513;2.5913101490984145
2.5420651505008798;2.1789383022406024;2.5420651505008798
2.407328142383989;2.1621881726826433;2.407328142383989
2.341303827354118;2.116696059351873;2.341303827354118
2.3661089495621543;2.032845524046819;2.3661089495621543
2.371250857304571;2.006498774508004;2.371250857304571
2.3206672740044887;1.9584719029867452;2.3206672740044887
2.303878226829243;1.905863435414655;2.303878226829243
2.318252725058408;1.917839606584639;2.318252725058408
2.32093094935179;1.9226300750526324;2.32093094935179
2.380722555887143;1.9441525089282676;2.380722555887143
2.359857239455277;1.984894617267429;2.359857239455277
2.307949121696567;1.8914746928955068;2.307949121696567
2.389823866032917;1.9537169357842368;2.389823866032917
2.574803757617463;2.059107242080094;2.574803757617463
2.623634279263836;2.114180292346852;2.623634279263836
2.48005023400627;2.020800831451314;2.48005023400627
2.430981678408209;1.944170673078585;2.430981678408209
2.3920266366936014;1.9034690282158082;2.3920266366936014
2.386830028809112;1.8914928570458245;2.386830028809112
2.362200466706234;1.86514528047186;2.362200466706234
2.336377650485703;1.8483786408338827;2.336377650485703
2.3301313147681215;1.8387977038978958;2.3301313147681215
2.3287522714172426;1.8244271255290652;2.3287522714172426
2.3300712402367525;1.8172414228270748;2.3300712402367525
2.333962506524795;1.8196366570610716;2.333962506524795
2.3260002294839093;1.8004747831890975;2.3260002294839093
2.3358156348843058;1.7717319723811364;2.3358156348843058
2.3308371571889777;1.7693194010319717;2.3308371571889777
2.327308853289832;1.766924166797975;2.327308853289832
2.367658657758203;1.7956669776059362;2.367658657758203
2.738782644908446;2.207510223002336;2.738782644908446
2.5166311293146775;2.090288262326865;2.5166311293146775
2.4337535082185493;1.8747105343629789;2.4337535082185493
2.4533380503054465;1.9249766060817253;2.4533380503054465
2.75306729694992;2.4374477778781047;2.75306729694992
2.602421494675361;2.2818318327169065;2.602421494675361
2.4831541824145664;2.0207504741761104;2.4831541824145664
2.7154559284571858;2.3678885480594123;2.7154559284571858
3.4871366305457854;3.232483075026702;3.4871366305457854
3.2063696783614977;2.3656510019322248;3.2063696783614977
2.744837911623655;2.056682295826661;2.744837911623655
2.606123307021061;1.9369370942068411;2.606123307021061
2.5361680340636137;1.8627021700681092;2.5361680340636137
2.506419039289975;1.8315467879109837;2.506419039289975
2.494813567790983;1.8267389823278226;2.494813567790983
2.475400996464429;1.833907347914645;2.475400996464429
2.4560150845691733;1.8195186053954968;2.4560150845691733
2.4869726703637096;1.8147281369275032;2.4869726703637096
2.514315369025034;1.8626154844922707;2.514315369025034
2.677016893643759;2.161900058005991;2.677016893643759
2.70259762669433;2.3176621127819006;2.70259762669433
2.6519754664200663;2.1619900517224284;2.6519754664200663
2.747678663813958;2.212307307751528;2.747678663813958
2.6543894203513196;2.1237009782088156;2.6543894203513196
2.5507154052032877;2.023134987576138;2.5507154052032877
2.492351976521769;1.956084939104247;2.492351976521769
2.4716470958070036;1.9249642311774566;2.4716470958070036
2.454760374640675;1.9177950385554843;2.454760374640675
2.4599732969428763;1.9201729356743134;2.4599732969428763
2.4665297553160648;1.9249799142223247;2.4665297553160648
2.4522427773142157;1.910625845933512;2.4522427773142157
2.4496240325373764;1.9034574803466893;2.4496240325373764
2.4482674642581532;1.9298050569206535;2.4482674642581532
2.428868520154662;1.9561873077249534;2.428868520154662
2.42612334977562;1.9466237079041342;2.42612334977562
2.410433951201069;1.9274791711473278;2.410433951201069
2.3936715634571217;1.908299960160186;2.3936715634571217
2.6728911073845425;2.1141703985480325;2.6728911073845425
2.8785080912250947;2.4088230187357182;2.8785080912250947
2.781182865160196;2.360954662356418;2.781182865160196
2.8812034374662017;2.5357580582332777;2.8812034374662017
3.119237104110367;3.1441426220805333;3.119237104110367
2.901373883416887;2.73943227162845;2.901373883416887
2.664224134499415;2.2987388539695046;2.664224134499415
2.6800000757868148;2.26757685553118;2.6800000757868148
2.9934787631412;2.612410515932073;2.9934787631412
3.7526998804940037;3.5776445477914396;3.7526998804940037
3.7877991197474192;3.5130690064360146;3.7877991197474192
3.1506364126922337;2.813739055956281;3.1506364126922337
2.8168135448477045;2.377794816253795;2.8168135448477045
2.691294713729852;2.2053214107030317;2.691294713729852
2.6563717773932005;2.1526246034848033;2.6563717773932005
2.6340279393190396;2.1310658413085326;2.6340279393190396
2.640702761710485;2.126257208690221;2.640702761710485
2.6421248947958937;2.1238628014913745;2.6421248947958937
2.57486166460471;2.0807469312091333;2.57486166460471
2.5373028828088606;2.0591889960680128;2.5373028828088606
2.5556137133548997;2.0974962337319427;2.5556137133548997
2.64640645328326;2.2076613254509256;2.64640645328326
2.9626579479624544;2.53328688988039;2.9626579479624544
3.982503486676948;4.418304161402868;3.982503486676948
3.3928075387120495;3.101072238731534;3.3928075387120495
2.907780654851569;2.5861133578792703;2.907780654851569
2.772976509399198;2.406461692942865;2.772976509399198
2.687435672512226;2.3058387287537845;2.687435672512226
2.646021131708226;2.2555528388144213;2.646021131708226
2.5955106551477485;2.20524878472474;2.5955106551477485
2.678527235669156;2.224375157331229;2.678527235669156
2.7729079907842427;2.401648925148805;2.7729079907842427
2.7509359629475707;2.341766415228586;2.7509359629475707
2.6769563177954065;2.384727078509468;2.6769563177954065
2.551480651776385;2.327382696166295;2.551480651776385
2.5011054486667033;2.121408970253655;2.5011054486667033
2.5232282781072355;2.1357630385424677;2.5232282781072355
2.53616156627433;2.1764646834052446;2.53616156627433
2.5113836985124194;2.1237843862670345;2.5113836985124194
2.573791171380144;2.1716387136717663;2.573791171380144
3.034337645925703;2.8661733253415442;3.034337645925703
2.8322081637248604;2.8399901756475034;2.8322081637248604
2.6373873634174982;2.312993892401189;2.6373873634174982
2.6261845459469377;2.3081844327477277;2.6261845459469377
2.6642541727698585;2.3033774541997163;2.6642541727698585
2.9221072298728004;2.720144933397531;2.9221072298728004
2.8221964616159463;2.7058478692881;2.8221964616159463
2.844424916800955;2.41598237880483;2.844424916800955
2.992748748078444;2.574081070811013;2.992748748078444
3.0080470342682464;2.693898132619932;3.0080470342682464
2.765527770635;2.3849690323326236;2.765527770635
2.6126119105579813;2.205327261195038;2.6126119105579813
2.54589000594102;2.2077299081224044;2.54589000594102
2.6099500633912034;2.2556040537477533;2.6099500633912034
2.5853740114007424;2.296370942518431;2.5853740114007424
2.531059002514891;2.217325731691089;2.531059002514891
2.4701848480612028;2.099965012848318;2.4701848480612028
2.4609569210634046;2.049657650618037;2.4609569210634046
2.48319183798273;2.0688021873748434;2.48319183798273
2.7904831900067695;2.5908246453337314;2.7904831900067695
3.0687745527673393;3.4101079959301925;3.0687745527673393
2.7823730090623435;2.775458344663104;2.7823730090623435
2.630823576548385;2.3850169391253564;2.630823576548385
2.580313695002735;2.274806421719091;2.580313695002735
2.5492382648404677;2.205353695696854;2.5492382648404677
2.540105324639105;2.2269074956622257;2.540105324639105
2.5488177992293313;2.2149288433867924;2.5488177992293313
2.7028823543902885;2.2891679027012732;2.7028823543902885
3.6464291320987137;3.323871201285874;3.6464291320987137
3.4105438623643503;3.1801761690545156;3.4105438623643503
3.5061602716966394;3.3358490877721154;3.5061602716966394
3.682402623054322;3.3166855598298417;3.682402623054322
4.605583514956056;4.317736700437764;4.605583514956056
4.269486771151457;3.7789897816335403;4.269486771151457
3.4220590298117086;2.931110618124937;3.4220590298117086
3.0179288666492505;2.492775248741224;3.0179288666492505
2.9131060683975702;2.3873692287775197;2.9131060683975702
2.8263536866809313;2.286775976607876;2.8263536866809313
2.7694308730466553;2.219718484819636;2.7694308730466553
2.7357695181927926;2.1574531155696897;2.7357695181927926
2.795988768106606;2.1047496920702624;2.795988768106606
2.7277292043092296;2.0711957675385406;2.7277292043092296
2.720326099268356;2.0855490087922037;2.720326099268356
2.7268654569591844;2.08075771328906;2.7268654569591844
3.0126082942643038;2.3322309346028613;3.0126082942643038
2.821145659638719;2.2388671567521916;2.821145659638719
2.7306120069330104;2.155039717185375;2.7306120069330104
2.6943339994821294;2.0879648882819675;2.6943339994821294
2.673619560018425;2.0520297584908174;2.673619560018425
2.66068149247686;2.025660709625936;2.66068149247686
2.645135620186871;1.99932716202654;2.645135620186871
2.6334700741565094;1.972994441462294;2.6334700741565094
2.612735846815797;1.929876090074603;2.612735846815797
2.594562976915202;1.9035252053600393;2.594562976915202
2.6970218578887515;1.9753690304405238;2.6970218578887515
3.0002157309784696;2.298638997077226;3.0002157309784696
3.1221855865035457;2.4447995002843603;3.1221855865035457
3.1770591936399475;2.5405428293241594;3.1770591936399475
4.147274667227795;4.1453581895683795;4.147274667227795
3.79879116431286;3.2041128283496145;3.79879116431286
3.357244323838421;2.689112656985817;3.357244323838421
3.3182079979147434;2.6412244823859;3.3182079979147434
3.0895434981914733;2.327472689882733;3.0895434981914733
3.125218958960148;2.3585314620422215;3.125218958960148
3.8943793977930063;3.9537270759443697;3.8943793977930063
3.7000499870818646;3.9250932806612933;3.7000499870818646
3.839643218073806;3.5489935991310695;3.839643218073806
4.238212586090141;4.188518689125733;4.238212586090141
5.0939153998210065;5.326117233502894;5.0939153998210065
4.352035636901541;4.032892911411674;4.352035636901541
3.47752906349759;2.9790111982521017;3.47752906349759
3.22236569036697;2.626891886388004;3.22236569036697
3.0707871024768845;2.440077614487846;3.0707871024768845
2.9440307374771946;2.3011391422833367;2.9440307374771946
2.876560433010784;2.21731335678682;2.876560433010784
2.8157066614489303;2.121493235970002;2.8157066614489303
2.892059071727819;2.1789458374258883;2.892059071727819
2.792131606553613;2.0568152953708907;2.792131606553613
2.753240823730018;1.9849681621498072;2.753240823730018
2.7169743513223787;1.944261555076131;2.7169743513223787
2.685925580591411;1.9155154361275706;2.685925580591411
2.669052486648146;1.8796009515921874;2.669052486648146
2.6327545754347383;1.8340873659704997;2.6327545754347383
2.609238173270098;1.800550778553946;2.609238173270098
2.606737601261696;1.7909516774676417;2.606737601261696
2.6120263174981506;1.783746983580184;2.6120263174981506
2.6043080438130777;1.7717856684199182;2.6043080438130777
2.5628348097571827;1.7430403765065077;2.5628348097571827
2.547202798519353;1.7238776755993837;2.547202798519353
2.5459104891311415;1.7023362505382809;2.5459104891311415
2.52909418750977;1.7981266287126836;2.52909418750977
2.5097239950173993;1.7717955622187376;2.5097239950173993
2.4993363448875376;1.6735727944745529;2.4993363448875376
2.4916303925103542;1.6424339223974451;2.4916303925103542
2.4798992063095064;1.6208768142914745;2.4798992063095064
2.4681454291514826;1.5993188791503536;2.4681454291514826
2.4500805782555584;1.5921331764483633;2.4500805782555584
2.43589396143944;1.5801561782432298;2.43589396143944
2.43983167503579;1.5729696485060896;2.43983167503579
2.421691625220438;1.563371374454935;2.421691625220438
2.40620791964164;1.558598243102109;2.40620791964164
2.3958906890567357;1.5562030088681122;2.3958906890567357
2.393332018811266;1.5585974160669593;2.393332018811266
2.421594470879882;1.5490164791309722;2.421594470879882
2.384255084667149;1.5322498394929949;2.384255084667149
2.362292095928891;1.5442078465126612;2.362292095928891
2.372764387841599;1.5561831906474952;2.372764387841599
2.3714584512303247;1.5657641275834822;2.3714584512303247
2.39358534914498;1.5896991328082821;2.39358534914498
2.7024694373130123;1.9919655764444442;2.7024694373130123
2.549121225993235;1.848371228140513;2.549121225993235
2.4519326546586075;1.728659873715879;2.4519326546586075
2.4039595633015978;1.6688120380259959;2.4039595633015978
2.3910105557316186;1.6424454702665638;2.3910105557316186
2.363859211942638;1.6328818704457448;2.363859211942638
2.3548970524719626;1.6065153026863128;2.3548970524719626
2.3977098294890227;1.6280724107922837;2.3977098294890227
2.3444548934498495;1.5945383044811794;2.3444548934498495
2.426378772289155;1.7286375743898121;2.426378772289155
2.3911903755607207;1.6975160394278723;2.3911903755607207
2.349716355240178;1.6232802882539905;2.349716355240178
2.6095024252986825;1.8363199192638096;2.6095024252986825
2.5650958515712103;1.7956529486313677;2.5650958515712103
2.401651918694834;1.6783541655558982;2.401651918694834
2.3264242439186433;1.6017405172631876;2.3264242439186433
2.292721816145771;1.5538523426632702;2.292721816145771
2.2745735134966547;1.5538523426632702;2.2745735134966547
2.2616333537752684;1.5634332795992574;2.2616333537752684
2.235726490786717;1.5634324525641075;2.235726490786717
2.403484707615551;1.6662723176246084;2.403484707615551
2.4873858954986314;1.9154121792257561;2.4873858954986314
2.347251365875969;1.7310303275183594;2.347251365875969
2.3875996731793463;1.6831256428384243;2.3875996731793463
2.3292690645830705;1.6543654949152955;2.3292690645830705
2.4256043302109083;2.0782749051981173;2.4256043302109083
2.3978747161798872;1.9657855817761083;2.3978747161798872
2.3876910706309653;1.7693738934829244;2.3876910706309653
2.320078142030159;1.7334618900529912;2.320078142030159
2.322795155812908;1.6735802071679224;2.322795155812908
2.3254227484383407;1.6663771673507644;2.3254227484383407
2.298011913661701;1.6352737965391422;2.298011913661701
2.212296227569918;1.556247576897267;2.212296227569918
2.2513971756283966;1.5777691837377523;2.2513971756283966
2.237048741815703;1.6520396091419698;2.237048741815703
2.1851837891558232;1.6041522615772021;2.1851837891558232
2.1566472413620184;1.5946059988715506;2.1566472413620184
2.181234349266413;1.6017917015735408;2.181234349266413
2.139656685550663;1.5946059988715506;2.139656685550663
2.1852021957533565;1.5921934275223861;2.1852021957533565
2.137095923125372;1.606582997076684;2.137095923125372
2.1540181515715924;1.5443234170727864;2.1540181515715924
2.1344355104146966;1.513220046261164;2.1344355104146966
2.174062077299922;1.541962857069125;2.174062077299922
2.1263256386151257;1.5156326176103285;2.1263256386151257
2.1239118005693918;1.5060343435591739;2.1239118005693918
2.27369618145428;1.5682410851824184;2.27369618145428
2.5343762852283387;1.891580369656813;2.5343762852283387
2.306844311221763;1.6976010709334113;2.306844311221763
2.2767813165682136;1.6137852098586922;2.2767813165682136
2.187225187106157;1.5419281828387899;2.187225187106157
2.131187960357537;1.4557162604949243;2.131187960357537
2.1263897062563175;1.5611065667907815;2.1263897062563175
2.1158901598974835;2.0305724766541458;2.1158901598974835
2.203338464974072;1.6281557882275228;2.203338464974072
2.1794549758379613;1.5635018010247783;2.1794549758379613
2.1120161101773194;1.4820811741840563;2.1120161101773194
2.070431383657458;1.429385194000978;2.070431383657458
2.0458216094315875;1.400642383193017;2.0458216094315875
2.0342072900840025;1.371899572385056;2.0342072900840025
2.0316971593266606;1.364696532567898;2.0316971593266606
2.0135352294544804;1.436570069667818;2.0135352294544804
1.9993137003732984;1.4126177273278508;1.9993137003732984
1.983840934822914;1.3215988264359741;1.983840934822914
1.9911989333137388;1.3096226552659902;1.9911989333137388
2.023887851433758;1.5347573361465177;2.023887851433758
2.0173225452119765;1.448510739572317;2.0173225452119765
1.987354230219522;1.347910901744453;1.987354230219522
2.0317098843995574;1.3287325177924612;2.0317098843995574
2.0705405926917826;1.3958172404946882;2.0705405926917826
2.1032996232214196;1.4269206113063104;2.1032996232214196
2.1043400994409103;1.441311834930908;2.1043400994409103
2.136636113531258;1.39580155744982;2.136636113531258
2.0717413887428555;1.391028426096994;2.0717413887428555
2.0433646816513242;1.355098258516743;2.0433646816513242
2.04739181640499;1.3407268531127627;2.04739181640499
2.0590594546151726;1.3574753286004222;2.0590594546151726
2.038322540079812;1.3479117287796027;2.038322540079812
2.043382972363338;1.335935557609619;2.043382972363338
2.0546629650476276;1.3407086889624449;2.0546629650476276
2.038198685786738;1.3454991574304385;2.038198685786738
2.034461885811672;1.3215641522056387;2.034461885811672
2.057732192440679;1.3143784495036481;2.057732192440679
2.103416969203991;1.343086586081274;2.103416969203991
2.1163325616738993;1.3646436941872448;2.1163325616738993
2.1747503833621518;1.378963088245722;2.1747503833621518
2.227893826937359;1.381340985364551;2.227893826937359
2.2492830930370094;1.438844771130791;2.2492830930370094
2.153488689441318;1.3502557787032465;2.153488689441318
2.107097763121811;1.3143272651932951;2.107097763121811
2.0838848438295248;1.283206557266505;2.0838848438295248
2.077415119419005;1.2807939859173405;2.077415119419005
2.2011371722225315;1.4196837242939666;2.2011371722225315
2.1889933133708546;1.4388464252010906;2.1889933133708546
2.213659459829584;1.5488885030435995;2.213659459829584
2.5556788415625107;1.9010407738217756;2.5556788415625107
2.7241587340910884;2.3343073926137037;2.7241587340910884
2.6965710468718327;2.1454116392458467;2.6965710468718327
2.3637765464540927;1.652042090247419;2.3637765464540927
2.2264881434110313;1.6065491498814988;2.2264881434110313
2.2773751903276183;1.4700199715085336;2.2773751903276183
2.41324378423613;1.5849747046603602;2.41324378423613
2.415648720334336;1.5538366596184023;2.415648720334336
2.3846775073167374;1.6520247531322512;2.3846775073167374
2.449603342510202;1.6999517371382533;2.449603342510202
3.197539508261109;1.9560552577077892;3.197539508261109
3.7490254577357995;2.1860737395363268;3.7490254577357995
3.517864544342575;1.9610678311553429;3.517864544342575
2.9475612098427693;1.7598945593784525;2.9475612098427693
2.508110679975923;1.6928205575101947;2.508110679975923
2.384792855739639;1.6856142095524373;2.384792855739639
2.356078580296554;1.6927966041138283;2.356078580296554
2.3693847528452747;1.7550206828522406;2.3693847528452747
2.3924590411129874;1.884350129548647;2.3924590411129874
2.4543742668009942;2.0927594613027316;2.4543742668009942
2.4235836811425107;2.2125550201977546;2.4235836811425107
2.3157897525097195;2.116758025742153;2.3157897525097195
2.242049140089078;1.9467277612181193;2.242049140089078
2.208357057329793;1.8533111449867963;2.208357057329793
2.171962778040476;1.7958403793805924;2.171962778040476
2.143446018123679;1.7551197433323482;2.143446018123679
2.1252574288202;1.79823147843884;2.1252574288202
2.130524149114307;1.774260971948555;2.130524149114307
2.2177204297723554;1.6376971193452545;2.2177204297723554
2.166679436193319;1.5850358133925113;2.166679436193319
2.14465906011834;1.556310339699718;2.14465906011834
2.1200226264611706;1.5227935705037816;2.1200226264611706
2.179772373812867;1.541924905321169;2.179772373812867
2.1303357885719514;1.6161953307253865;2.1303357885719514
2.205752343541024;1.6257605846165053;2.205752343541024
2.3864148303117116;1.7502335225248464;2.3864148303117116
2.56670751871909;2.1933683965172435;2.56670751871909
2.481502349253671;2.080797349730295;2.481502349253671
2.5790904422135497;1.9060591977613357;2.5790904422135497
2.4624520825922946;1.920492538932618;2.4624520825922946
2.3862260225513072;1.9037465751733869;2.3862260225513072
2.6563648922611938;3.3932175153805915;2.6563648922611938
3.0672022941353334;4.648569651134397;3.0672022941353334
3.0616237415054384;4.287009814571911;3.0616237415054384
2.8735973642136186;3.0606903196189768;2.8735973642136186
2.636557917730458;2.4475152566807488;2.636557917730458
2.590077666883302;2.2582471229198924;2.590077666883302
2.504458656002767;2.090581492329311;2.504458656002767
2.532010733634327;2.0042770645405796;2.532010733634327
2.4928797280495547;1.8917208431403705;2.4928797280495547
2.42396450829074;1.750400338641283;2.42396450829074
2.3905784797129392;1.6905062502289665;2.3905784797129392
2.380019932966871;1.6473969656049452;2.380019932966871
2.364374889520805;1.611461835813795;2.364374889520805
2.342589668953045;1.6090657745446484;2.342589668953045
2.3388091088643215;1.6186508466563847;2.3388091088643215
2.3440590356114086;1.6330040879100476;2.3440590356114086
2.395980185578354;1.6138339436865752;2.395980185578354
2.8212809756202493;1.996833694347586;2.8212809756202493
2.910202191237459;2.0497674625550926;2.910202191237459
2.70021255859326;1.9348119023681163;2.70021255859326
2.57705495755889;1.862967250252482;2.57705495755889
2.4710539136920944;1.7168496916271818;2.4710539136920944
2.445191405832028;1.7168439023811328;2.445191405832028
2.4166473914691045;1.7335758677887747;2.4166473914691045
2.404995472661806;1.6904410063210658;2.404995472661806
2.434934844793321;1.740697980653164;2.434934844793321
2.4214357796860453;1.7023890889189341;2.4214357796860453
2.445580733172294;1.692813941228996;2.445580733172294
2.609657006574871;1.9873898002626411;2.609657006574871
2.856861158781179;2.4185097549249273;2.856861158781179
2.966234890725707;2.780279352185684;2.966234890725707
3.2856191250232283;3.2232615002821703;3.2856191250232283
3.397510735408361;3.5635532623194246;3.397510735408361
3.4010105977635487;2.8544433350394027;3.4010105977635487
3.591882045824377;4.17434065683192;3.591882045824377
3.359683938421138;3.1587727363715197;3.359683938421138
3.2439363352473;2.7107697444759817;3.2439363352473
3.472839312286176;3.280783572690643;3.472839312286176
3.57922678470571;3.7384121001743025;3.57922678470571
3.4840244476372675;4.188799727961785;3.4840244476372675
3.3805960083743427;4.1384683510891795;3.3805960083743427
3.1791603164555777;3.237802294776974;3.1791603164555777
3.05750818437429;2.8856499321298603;3.05750818437429
2.9824050342703012;2.6053934365317137;2.9824050342703012
3.062976720439846;2.5790087046219643;3.062976720439846
3.024123537075964;2.5406783405968176;3.024123537075964
4.2663860922501975;4.224139514722246;4.2663860922501975
5.1908152281621796;6.782856138594166;5.1908152281621796
4.518576530746404;5.8583069965337256;4.518576530746404
3.7487161213448394;3.858198622928635;3.7487161213448394
3.3493999316864844;2.923940659713773;3.3493999316864844
3.2067065405685327;2.6724096378084194;3.2067065405685327
3.0928417958021006;2.5885689963021843;3.0928417958021006
3.19032688383464;2.727371222067822;3.19032688383464
3.986248457309106;4.094936236928018;3.986248457309106
4.469845295219319;4.873470832281139;4.469845295219319
4.246195909636646;3.8603865163238535;4.246195909636646
3.6980774341376765;3.0316510625369064;3.6980774341376765
3.3390465988068607;2.7106978842868825;3.3390465988068607
3.534524854408236;3.2974073496085508;3.534524854408236
3.50588871042798;3.436434988494348;3.50588871042798
3.220937033383827;2.866407131305118;3.220937033383827
3.0809773529659763;2.705855404473385;3.0809773529659763
3.004500533900405;2.5980863434005705;3.004500533900405
2.948676582602175;2.5118710822931267;2.948676582602175
2.8749121891947036;2.341816006714598;2.8749121891947036
2.833495556210882;2.2818212037518744;2.833495556210882
3.469019733868869;4.032604919226936;3.469019733868869
4.2648812231148;6.109625041469147;4.2648812231148
3.892427459511692;4.8258031698364405;3.892427459511692
3.6909984874963078;3.8580086804509826;3.6909984874963078
3.3245985359741486;3.2064470457203966;3.3245985359741486
3.3691035699573515;3.8699592441543;3.3691035699573515
3.406369445665472;3.891529554199689;3.406369445665472
3.2701975793902758;3.558604309332451;3.2701975793902758
3.048554913273426;2.9885186515516686;3.048554913273426
2.934566949749966;2.7370024856560335;2.934566949749966
3.130124739359013;2.904613593172683;3.130124739359013
3.458724900059498;3.3093397185385713;3.458724900059498
4.182494108508646;4.725015840013395;4.182494108508646
3.879434963198004;4.332303071776254;3.879434963198004
3.30846426094372;3.1753799725864305;3.30846426094372
3.0014373164326957;2.73939937396033;3.0014373164326957
2.887474706425361;2.5908890315835036;2.887474706425361
2.838276135880282;2.5094246331257977;2.838276135880282
2.9547194141334927;2.8303934944206905;2.9547194141334927
2.9197185916827664;2.780138174158892;2.9197185916827664
3.1361765133590755;3.0507196039288647;3.1361765133590755
3.2952292749487526;3.3574301798974315;3.2952292749487526
3.5386842866162542;3.757303073992876;3.5386842866162542
4.298889356490292;4.749074778018755;4.298889356490292
3.92248102395723;3.716810362793219;3.92248102395723
3.4614449971142522;3.3335125117877995;3.4614449971142522
3.249054230231849;3.244926000465705;3.249054230231849
3.100105135897197;3.0221319694992843;3.100105135897197
3.046787015111148;2.9382946055106696;3.046787015111148
3.4587842444346695;3.6711587541704445;3.4587842444346695
4.305071077760722;4.722698102099652;4.305071077760722
4.689608344617023;5.096274603931485;4.689608344617023
4.51716921966954;5.613850854620284;4.51716921966954
3.9891135352826828;4.100073355830429;3.9891135352826828
3.5588022975209648;3.640178397235296;3.5588022975209648
3.7863867095053383;4.114386930019879;3.7863867095053383
3.4693469330096467;3.752751925127694;3.4693469330096467
3.3062227569021188;3.5060155068660834;3.3062227569021188
3.274087138007655;3.6114239773122585;3.274087138007655
3.175604356354815;3.4126252638906185;3.175604356354815
3.0704789773809464;3.2233975936061467;3.0704789773809464
2.992699695163397;3.1060352206930757;2.992699695163397
2.9499717511790045;3.055727858462795;2.9499717511790045
2.9705891116664533;3.0844714963059063;2.9705891116664533
2.986227283558229;3.1371881217447517;2.986227283558229
2.94223238370175;3.0845003812901925;2.94223238370175
