YdreFjord;UpperIndrefjord;NedreIndreFjord;Kattegat
15.97587757;16.49751613;19.31598551;27.94099477
16.12038777;16.53677696;19.34835695;27.92014218
16.26489797;16.57603779;19.38072839;27.89928958
16.40940817;16.61529862;19.41309984;27.87843699
16.55391837;16.49751613;19.31598551;27.8575844
16.69842857;16.53677696;19.34835695;27.83673181
16.84293877;16.57603779;19.38072839;27.81587921
16.98744898;16.61529862;19.41309984;27.79502662
17.13195918;16.65455945;19.44547128;27.77417403
17.27646939;16.69382028;19.47784272;27.75332144
17.42097959;16.73308111;19.51021416;27.73246884
17.5654898;16.77234194;19.5425856;27.71161625
17.71;16.81160276;19.57495705;27.69076366
17.75931185;16.85086359;19.60732849;27.66991107
17.8086237;16.89012442;19.63969993;27.64905847
17.85793556;16.92938525;19.67207137;27.62820588
17.90724741;16.96864608;19.70444281;27.62707281
17.95655926;17.00790691;19.73681426;27.62593973
18.00587111;17.04716774;19.7691857;27.62480666
18.05518296;17.08642857;19.80155714;27.62367359
18.10449481;17.06430564;19.78908958;27.62254052
18.15380667;17.0421827;19.77662203;27.62140744
18.20311852;17.02005977;19.76415447;27.62027437
18.25243037;16.99793684;19.75168692;27.6191413
18.30174222;16.97581391;19.73921936;27.61800822
18.35105407;16.95369097;19.72675181;27.61687515
18.40036593;16.93156804;19.71428425;27.61574208
18.44967778;16.90944511;19.7018167;27.61460901
18.49898963;16.88732217;19.68934914;27.61347593
18.54830148;16.86519924;19.67688159;27.61234286
18.59761333;16.84307631;19.66441403;26.96031564
18.64692519;16.82095337;19.65194648;26.30828843
18.69623704;16.79883044;19.63947892;25.65626121
18.74554889;16.77670751;19.62701137;25.00423399
18.79486074;16.75458458;19.61454381;24.35220678
18.84417259;16.73246164;19.60207626;23.70017956
18.89348444;16.71033871;19.5896087;23.04815235
18.9427963;16.70228638;19.56445066;22.39612513
18.99210815;16.69423406;19.53929261;21.74409791
19.04142;16.68618173;19.51413457;21.0920707
19.00363228;16.6781294;19.48897652;20.44004348
18.96584456;16.67007708;19.46381848;20.7288007
18.92805683;16.66202475;19.43866043;21.01755792
18.89026911;16.65397242;19.41350239;21.30631514
18.85248139;16.6459201;19.38834434;21.59507235
18.81469367;16.63786777;19.3631863;21.88382957
18.77690595;16.62981544;19.33802825;22.17258679
18.73911822;16.62176312;19.31287021;22.46134401
18.7013305;16.61371079;19.28771216;22.75010123
18.66354278;16.60565846;19.26255412;23.03885845
18.62575506;16.59760614;19.23739607;23.32761566
18.58796734;16.58955381;19.21223803;23.61637288
18.55017961;16.58150148;19.18707998;23.9051301
18.51239189;16.57344916;19.16192194;24.19388732
18.47460417;16.56539683;19.13676389;24.31790415
18.27006247;16.56924291;19.12871137;24.44192097
18.06552078;16.57308899;19.12065884;24.5659378
17.86097908;16.57693507;19.11260632;24.68995462
17.65643738;16.58078115;19.1045538;24.81397145
17.45189568;16.58462723;19.09650128;24.93798828
17.24735399;16.58847331;19.08844875;25.0620051
17.04281229;16.59231939;19.08039623;25.18602193
16.83827059;16.59616546;19.07234371;25.31003876
16.6337289;16.60001154;19.06429118;25.43405558
16.4291872;16.60385762;19.05623866;25.55807241
16.2246455;16.6077037;19.04818614;25.68208923
16.0201038;16.61154978;19.04013362;25.80610606
15.81556211;16.61539586;19.03208109;25.75253752
15.61102041;16.61924194;19.02402857;25.69896898
15.64470659;16.61732067;19.0341;25.64540044
15.67839277;16.61539939;19.04417143;25.5918319
15.71207896;16.61347812;19.05424286;25.53826336
15.74576514;16.61155684;19.06431428;25.48469482
15.77945132;16.60963557;19.07438571;25.43112628
15.8131375;16.60771429;19.08445714;25.37755774
15.84682368;16.59899604;19.08545357;25.3239892
15.88050987;16.59027778;19.08645;25.27042066
15.91419605;16.58155953;19.08744643;25.21685212
15.94788223;16.57284127;19.08844285;25.16328358
15.98156841;16.56412302;19.08943928;25.11251517
16.01525459;16.55540477;19.09043571;25.06174676
16.04894077;16.54668651;19.09143214;25.01097835
16.08262696;16.53796826;19.09242857;24.96020994
16.11631314;16.52925;19.093425;24.90944152
16.14999932;16.52053175;19.09442143;24.85867311
16.1836855;16.5118135;19.09541785;24.8079047
16.21737168;16.50309524;19.09641428;24.75713629
16.25105787;16.49437699;19.09741071;24.70636788
16.28474405;16.48565873;19.09840714;24.65559947
16.31843023;16.47694048;19.09940357;24.60483106
16.24053239;16.46822223;19.1004;24.55406265
16.16263455;16.45950397;19.10139642;24.50329423
16.08473671;16.45078572;19.10239285;24.45252582
16.00683887;16.44206746;19.10338928;24.40175741
15.92894103;16.43334921;19.10438571;24.350989
15.85104319;16.43851389;19.12572589;24.30022059
15.77314535;16.44367858;19.14706607;24.29247966
15.69524751;16.44884326;19.16840625;24.28473874
15.61734967;16.45400794;19.18974643;24.27699781
15.53945183;16.45917262;19.2110866;24.26925689
15.46155399;16.46433731;19.23242678;24.26151596
15.38365615;16.46950199;19.25376696;24.25377504
15.30575831;16.47466667;19.27510714;24.24603411
15.22786047;16.47983135;19.29644732;24.23829318
15.3977572;16.48499604;19.3177875;24.23055226
15.56765392;16.49016072;19.33912768;24.22281133
15.73755065;16.4953254;19.36046786;24.21507041
15.90744737;16.50049008;19.38180803;24.20732948
16.0773441;16.50565477;19.40314821;24.19958856
16.24724082;16.51081945;19.42448839;24.19184763
16.41713755;16.51598413;19.44582857;24.1841067
16.58703428;16.51612445;19.44836586;24.17636578
16.756931;16.51626476;19.45090315;24.16862485
16.92682773;16.51640508;19.45344045;24.16088393
17.09672445;16.5165454;19.45597774;24.153143
17.26662118;16.51668572;19.45851503;24.14540207
17.4365179;16.51682603;19.46105232;24.13766115
17.60641463;16.51696635;19.46358961;24.12992022
17.49690163;16.51710667;19.46612691;24.1221793
17.38738862;16.51724698;19.4686642;24.11443837
17.27787562;16.5173873;19.47120149;24.10669745
17.16836261;16.51752762;19.47373878;24.09895652
17.05884961;16.51766794;19.47627607;23.90865327
16.9493366;16.51780825;19.47881337;23.71835002
16.8398236;16.51794857;19.48135066;23.52804677
16.73031059;16.51808889;19.48388795;23.33774353
16.62079759;16.51822921;19.48642524;23.14744028
16.51128458;16.51836952;19.48896253;22.95713703
16.40177158;16.51850984;19.49149983;22.76683378
16.29225857;16.51865016;19.49403712;22.57653053
16.18274557;16.51879047;19.49657441;22.38622728
16.07323256;16.51893079;19.4991117;22.19592404
16.05213023;16.51907111;19.50164899;22.00562079
16.03102791;16.51921143;19.50418629;21.81531754
16.00992558;16.51935174;19.50672358;21.62501429
15.98882326;16.51949206;19.50926087;21.79518488
15.96772093;16.50042497;19.47929767;21.96535547
15.94661861;16.48135788;19.44933447;22.13552605
15.92551628;16.4622908;19.41937126;22.30569664
15.90441395;16.44322371;19.38940806;22.47586723
15.88331163;16.42415662;19.35944486;22.64603782
15.8622093;16.40508953;19.32948166;22.81620841
15.84110698;16.38602245;19.29951845;22.986379
15.82000465;16.36695536;19.26955525;23.15654958
15.79890233;16.34788827;19.23959205;23.32672017
15.7778;16.32882118;19.20962885;23.49689076
15.82053182;16.3097541;19.17966565;23.66706135
15.86326364;16.29068701;19.14970244;23.83723194
15.90599546;16.27161992;19.11973924;24.00740253
15.94872727;16.25255283;19.08977604;24.17757311
15.99145909;16.23348574;19.05981284;24.3477437
16.03419091;16.21441866;19.02984963;24.51791429
16.07692273;16.19535157;18.99988643;24.56502067
16.11965455;16.17628448;18.96992323;24.61212706
16.16238637;16.15721739;18.93996003;24.65923344
16.20511818;16.13815031;18.90999682;24.70633982
16.24785;16.11908322;18.88003362;24.75344621
16.29058182;16.10001613;18.85007042;24.80055259
16.33331364;16.12590783;18.86821529;24.84765898
16.37604546;16.15179954;18.88636016;24.89476536
16.41877728;16.17769124;18.90450503;24.94187174
16.46150909;16.20358295;18.9226499;24.98897813
16.50424091;16.22947465;18.94079477;25.03608451
16.54697273;16.25536636;18.95893964;25.09852951
16.58970455;16.28125806;18.97708451;25.16097452
16.61799409;16.31577739;18.97041902;25.22341952
16.64628363;16.35029672;18.96375352;25.28586453
16.67457316;16.38481605;18.95708803;25.34830953
16.7028627;16.41933538;18.95042254;25.41075454
16.73115224;16.45385471;18.94375704;25.47319954
16.75944178;16.48837404;18.93709155;25.53564455
16.78773132;16.52289337;18.93042605;25.59808955
16.81602085;16.5574127;18.92376056;26.07747676
16.84431039;16.55700227;18.92696658;26.55686396
16.87259993;16.55659184;18.9301726;27.03625117
16.90088947;16.55618141;18.93337862;27.51563838
16.92917901;16.55577097;18.93658464;27.99502559
16.95746854;16.55536054;18.93979066;28.47441279
16.98575808;16.55495011;18.94299668;28.9538
17.01404762;16.55453968;18.9462027;28.63144592
17.12147665;16.56001921;18.94033658;28.30909184
17.22890568;16.56549874;18.93447047;27.98673776
17.33633471;16.57097828;18.92860435;27.66438368
17.44376374;16.57645781;18.92273823;27.34202959
17.55119277;16.58193734;18.91687212;27.01967551
17.6586218;16.58741687;18.911006;26.69732143
17.76605082;16.5928964;18.90513988;26.37496735
17.87347985;16.59837594;18.89927377;26.05261327
17.98090888;16.60385547;18.89340765;25.73025919
18.08833791;16.609335;18.88754153;25.40790511
18.19576694;16.61481453;18.88167541;25.08555103
18.30319597;16.62029407;18.8758093;24.76319695
18.410625;16.6257736;18.86994318;24.44084287
18.42422217;16.63125313;18.86407706;24.11848878
18.43781935;16.63673266;18.85821095;23.7961347
18.45141652;16.64221219;18.85234483;23.47378062
18.4650137;16.64769173;18.84647871;23.15142654
18.47861087;16.65317126;18.8406126;22.82907246
18.49220804;16.65865079;18.83474648;22.7714648
18.50580522;16.64398412;18.84623185;22.71385714
18.51940239;16.62931746;18.85771722;22.65624948
18.53299957;16.61465079;18.86920259;22.59864182
18.54659674;16.59998412;18.88068796;22.54103416
18.56019391;16.58531746;18.89217333;22.4834265
18.57379109;16.57065079;18.9036587;22.42581884
18.58738826;16.55598413;18.91514408;22.36821118
18.60098543;16.54131746;18.92662945;22.31060352
18.61458261;16.52665079;18.93811482;22.25299586
18.62817978;16.51198413;18.94960019;22.1953882
18.64177696;16.49731746;18.96108556;22.13778054
18.65537413;16.48265079;18.97257093;22.08017288
18.6689713;16.46798413;18.9840563;22.02256522
18.68256848;16.45331746;18.99554167;22.04097232
18.69616565;16.43542677;18.98491822;22.05937942
18.70976283;16.41753607;18.97429478;22.07778652
18.72336;16.39964538;18.96367133;22.09619361
18.75400896;16.38175469;18.95304788;22.11460071
18.78465791;16.36386399;18.94242443;22.13300781
18.81530687;16.3459733;18.93180099;22.15141491
18.84595582;16.32808261;18.92117754;22.16982201
18.87660478;16.31019191;18.91055409;22.18822911
18.90725374;16.29230122;18.89993065;22.20663621
18.93790269;16.27441053;18.8893072;22.2250433
18.96855165;16.25651983;18.87868375;22.2434504
18.9992006;16.23862914;18.8680603;22.2618575
19.02984956;16.22073845;18.85743686;22.2802646
19.06049852;16.20284775;18.84681341;22.2986717
19.09114747;16.18495706;18.83618996;22.3170788
19.12179643;16.16706637;18.82556652;22.3354859
19.15244538;16.14917567;18.81494307;22.35389299
19.18309434;16.13128498;18.80431962;22.37230009
19.23854338;16.11339429;18.79369617;22.39070719
19.29399241;16.09550359;18.78307273;22.40911429
19.34944145;16.0776129;18.77244928;22.39807653
19.40489049;16.06508586;18.76187065;22.38703878
19.46033952;16.05255883;18.75129202;22.37600102
19.51578856;16.04003179;18.74071339;22.36496327
19.5712376;16.02750475;18.73013477;22.35392551
19.62668664;16.01497771;18.71955614;22.34288776
19.68213567;16.00245068;18.70897751;22.33185
19.73758471;15.98992364;18.69839888;22.32081224
19.79303375;15.9773966;18.68782025;22.30977449
19.84848278;15.96486957;18.67724162;22.29873673
19.90393182;15.95234253;18.66666299;22.28769898
19.85056343;15.93981549;18.65608437;22.27666122
19.79719504;15.92728845;18.64550574;22.26562347
19.74382664;15.91476142;18.63492711;22.25458571
19.69045825;15.90223438;18.62434848;22.6720051
19.63708986;15.88079828;18.63001868;23.08942449
19.58372147;15.85936219;18.63568889;23.50684387
19.53035307;15.83792609;18.64135909;23.92426326
19.47698468;15.81648999;18.6470293;24.34168265
19.42361629;15.7950539;18.6526995;24.75910204
19.3702479;15.7736178;18.65836971;25.17652143
19.3168795;15.75218171;18.66403991;25.59394081
19.26351111;15.73074561;18.66971011;26.0113602
19.1680335;15.70930951;18.67538032;26.42877959
19.07255589;15.68787342;18.68105052;26.84619898
18.97707828;15.66643732;18.68672073;27.26361836
18.88160066;15.64500122;18.69239093;27.68103775
18.78612305;15.62356513;18.69806114;28.09845714
18.69064544;15.60212903;18.70373134;28.06866802
18.59516783;15.56551382;18.71395543;28.03887891
18.49969022;15.52889862;18.72417953;28.00908979
18.40421261;15.49228341;18.73440362;27.97930068
18.308735;15.4556682;18.74462772;27.94951156
18.21325739;15.41905299;18.75485181;27.91972245
18.11777977;15.38243779;18.76507591;27.88993333
18.02230216;15.34582258;18.7753;27.86014421
17.92682455;15.36082732;18.77394524;27.8303551
17.83134694;15.37583205;18.77259048;27.80056598
17.81589622;15.39083679;18.77123571;27.77077687
17.8004455;15.40584153;18.76988095;27.74098775
17.78499478;15.42084626;18.76852619;27.71119864
17.76954406;15.435851;18.76717143;27.68140952
17.75409334;15.45085574;18.76581667;27.6516204
17.73864262;15.46586047;18.7644619;27.62183129
17.7231919;15.48086521;18.76310714;27.59204217
17.70774118;15.49586994;18.76175238;27.56225306
17.69229046;15.51087468;18.76039762;27.53246394
17.67683974;15.52587942;18.75904285;27.50267483
17.66138902;15.54088415;18.75768809;27.47288571
17.64593831;15.55588889;18.75633333;27.04255714
17.63048759;15.5429898;18.75932423;26.61222857
17.61503687;15.5300907;18.76231512;26.1819
17.59958615;15.51719161;18.76530602;25.75157143
17.58413543;15.50429252;18.76829692;25.32124285
17.56868471;15.49139343;18.77128781;24.89091428
17.55323399;15.47849433;18.77427871;24.46058571
17.53778327;15.46559524;18.77726961;24.03025714
17.52233255;15.45269615;18.7802605;24.3047118
17.50688183;15.43979705;18.7832514;24.57916645
17.49143111;15.42689796;18.78624229;24.85362111
17.47598039;15.41399887;18.78923319;25.12807576
17.55959727;15.40109978;18.79222409;25.40253042
17.64321416;15.38820068;18.79521498;25.67698507
17.72683104;15.37530159;18.79820588;25.73796298
17.81044792;15.4082318;18.8030505;25.79894089
17.8940648;15.44116202;18.80789512;25.85991879
17.97768169;15.47409223;18.81273973;25.9208967
18.06129857;15.50702244;18.81758435;25.98187461
18.14491545;15.53995266;18.82242897;26.04285252
18.22853233;15.57288287;18.82727359;26.10383042
18.31214922;15.60581308;18.83211821;26.16480833
18.3957661;15.6387433;18.83696282;26.22578624
18.47938298;15.67167351;18.84180744;26.28676415
18.41022088;15.70460372;18.84665206;26.34774205
18.34105879;15.73753394;18.85149668;26.40871996
18.27189669;15.77046415;18.8563413;26.46969787
18.2027346;15.80339436;18.86118592;26.53067578
18.1335725;15.83632458;18.86603053;26.59165368
18.06441041;15.86925479;18.87087515;26.65263159
17.99524831;15.902185;18.87571977;26.7136095
17.92608621;15.93511522;18.88056439;26.77458741
17.85692412;15.96804543;18.88540901;26.83556531
17.78776202;16.00097564;18.89025362;26.89654322
17.71859993;16.03390586;18.89509824;26.95752113
17.64943783;16.06683607;18.89994286;26.93039862
17.58027574;16.06559663;18.90274694;26.90327611
17.51111364;16.06435718;18.90555102;26.8761536
17.64358041;16.06311774;18.9083551;26.84903108
17.77604719;16.0618783;18.91115919;26.82190857
17.90851396;16.06063886;18.91396327;26.79478606
18.04098074;16.05939941;18.91676735;26.76766355
18.17344751;16.05815997;18.91957143;26.74054104
18.30591428;16.05692053;18.92237551;26.71341853
18.43838106;16.05568108;18.92517959;26.68629602
18.57084783;16.05444164;18.92798367;26.6591735
18.4819099;16.0532022;18.93078776;26.63205099
18.39297197;16.05196276;18.93359184;26.60492848
18.30403404;16.05072331;18.93639592;26.57780597
18.21509611;16.04948387;18.9392;26.61613585
18.12615818;16.04037901;18.93188043;26.65446572
18.03722026;16.03127416;18.92456086;26.6927956
17.94828233;16.0221693;18.91724129;26.73112548
17.8593444;16.01306444;18.90992172;26.76945535
17.77040647;16.00395958;18.90260215;26.80778523
17.68146854;15.99485473;18.89528258;26.84611511
17.59253061;15.98574987;18.88796302;26.88444498
17.65610677;15.97664501;18.88064345;26.92277486
17.71968294;15.96754016;18.87332388;26.96110473
17.7832591;15.9584353;18.86600431;26.99943461
17.84683527;15.94933044;18.85868474;27.03776449
17.91041143;15.94022558;18.85136517;27.07609436
17.9739876;15.93112073;18.8440456;27.11442424
18.03756376;15.92201587;18.83672603;27.10186497
18.10113993;15.90969898;18.82250911;27.0893057
18.16471609;15.89738208;18.80829218;27.07674643
18.22829226;15.88506519;18.79407526;27.06418716
18.29186842;15.8727483;18.77985834;27.0516279
18.35544459;15.8604314;18.76564141;27.03906863
18.41902075;15.84811451;18.75142449;27.02650936
18.48259692;15.83579762;18.73720757;27.01395009
18.54617308;15.82348072;18.72299064;27.00139082
18.66572476;15.81116383;18.70877372;26.98883155
18.78527645;15.79884694;18.69455679;26.97627228
18.90482813;15.78653004;18.68033987;26.96371301
19.02437981;15.77421315;18.66612295;26.95115374
19.14393149;15.76189626;18.65190602;26.93859448
19.26348318;15.74957937;18.6376891;26.92603521
19.38303486;15.73726247;18.62347218;26.91347594
19.50258654;15.72494558;18.60925525;26.90091667
19.62213822;15.71262869;18.59503833;26.8883574
19.74168991;15.70031179;18.58082141;26.87579813
19.86124159;15.6879949;18.56660448;26.86323886
19.98079327;15.67567801;18.55238756;26.85067959
20.10034495;15.66336111;18.53817064;26.83812032
20.21989664;15.65104422;18.52395371;26.82556105
20.33944832;15.63872733;18.50973679;26.81300179
20.459;15.62641043;18.49551986;26.80044252
20.17045926;15.61409354;18.48130294;26.78788325
19.88191852;15.60177665;18.46708602;26.77532398
19.59337778;15.58945975;18.45286909;26.76276471
19.30483704;15.57714286;18.43865217;26.72277529
19.0162963;15.56424683;18.45218243;26.68278588
18.72775556;15.55135081;18.46571269;26.64279646
18.43921481;15.53845478;18.47924296;26.60280705
18.15067407;15.52555876;18.49277322;26.56281763
17.86213333;15.51266273;18.50630348;26.52282821
17.57359259;15.49976671;18.51983374;26.4828388
17.28505185;15.48687068;18.533364;26.44284938
16.99651111;15.47397466;18.54689427;26.40285997
17.1397293;15.46107863;18.56042453;26.36287055
17.2829475;15.4481826;18.57395479;26.32288113
17.42616569;15.43528658;18.58748505;26.28289172
17.56938389;15.42239055;18.60101531;26.2429023
17.71260208;15.40949453;18.61454557;26.20291288
17.85582028;15.3965985;18.62807584;26.16292347
17.99903847;15.38370248;18.6416061;26.12293405
18.14225667;15.37080645;18.65513636;26.08294464
18.28547486;15.37656183;18.63012239;26.04295522
18.42869306;15.3823172;18.60510843;25.74266585
18.57191125;15.38807258;18.58009446;25.44237648
18.71512944;15.39382796;18.55508049;25.14208712
18.85834764;15.39958333;18.53006652;24.84179775
19.00156583;15.40533871;18.50505256;24.54150838
19.14478403;15.41109409;18.48003859;24.24121901
19.28800222;15.41684946;18.45502462;23.94092964
19.43122042;15.42260484;18.43001065;23.64064028
19.57443861;15.42836022;18.40499669;23.34035091
19.71765681;15.43411559;18.37998272;23.04006154
19.860875;15.43987097;18.35496875;22.89259339
19.94811642;15.35058427;18.3760046;22.74512524
20.03535784;15.26129757;18.39704044;22.59765709
20.12259927;15.17201086;18.41807629;22.45018895
20.20984069;15.08272416;18.43911213;22.3027208
20.29708211;14.99343746;18.46014798;22.15525265
20.38432353;14.90415076;18.48118382;22.0077845
20.47156495;14.81486406;18.50221967;21.86031635
20.55880637;14.72557735;18.52325552;21.7128482
20.6460478;14.63629065;18.54429136;21.56538005
20.73328922;14.54700395;18.56532721;21.41791191
20.82053064;14.45771725;18.58636305;21.27044376
20.90777206;14.36843054;18.6073989;21.12297561
20.99501348;14.27914384;18.62843474;20.97550746
21.0822549;14.18985714;18.64947059;20.75353358
21.16949633;14.2032811;18.64282115;20.5315597
21.25673775;14.21670507;18.63617172;20.30958582
21.34397917;14.23012903;18.62952228;20.08761194
21.15700417;14.24355299;18.62287284;19.86563806
20.97002917;14.25697696;18.6162234;19.64366418
20.78305417;14.27040092;18.60957397;19.4216903
20.59607917;14.28382488;18.60292453;19.19971642
20.40910417;14.29724885;18.59627509;18.97774253
20.22212917;14.31067281;18.58962565;18.75576865
20.03515417;14.32409677;18.58297622;18.53379477
19.84817917;14.33752074;18.57632678;18.31182089
19.66120417;14.3509447;18.56967734;18.08984701
19.47422917;14.36436866;18.5630279;17.86787313
19.28725417;14.37779263;18.55637847;17.64589925
19.10027917;14.39121659;18.54972903;17.42392537
18.91330417;14.40464055;18.54307959;17.47540213
18.72632917;14.41806451;18.53643015;17.52687889
18.53935417;14.43148848;18.52978072;17.57835565
18.80771011;14.44491244;18.52313128;17.62983241
19.07606605;14.4583364;18.51648184;17.68130917
19.34442199;14.47176037;18.5098324;17.73278593
19.61277792;14.48518433;18.50318297;17.78426269
19.88113386;14.49860829;18.49653353;17.83573944
20.1494898;14.51203226;18.48988409;17.8872162
20.20430613;14.52545622;18.48323465;17.93869296
20.25912245;14.53888018;18.47658522;17.99016972
20.31393878;14.55230415;18.46993578;18.04164648
20.36875511;14.56572811;18.46328634;18.09312324
20.42357143;14.57915207;18.4566369;18.1446
20.47838776;14.59257604;18.44998747;18.55112957
20.53320409;14.606;18.44333803;18.95765913
20.58802041;14.57589785;18.41651908;19.3641887
20.64283674;14.5457957;18.38970014;19.77071827
20.69765307;14.51569355;18.36288119;20.17724783
20.75246939;14.4855914;18.33606225;20.5837774
20.80728572;14.45548925;18.3092433;20.99030696
20.86210204;14.4253871;18.28242436;21.39683653
20.91691837;14.39528495;18.25560541;21.8033661
20.9717347;14.3651828;18.22878647;22.20989566
21.02655102;14.33508065;18.20196752;22.61642523
21.08136735;14.30497849;18.17514857;23.0229548
21.13618368;14.27487634;18.14832963;23.42948436
21.191;14.24477419;18.12151068;23.83601393
21.24581633;14.21467204;18.09469174;24.24254349
21.29591263;14.18456989;18.06787279;24.64907306
21.34600893;14.15446774;18.04105385;25.05560263
21.39610523;14.12436559;18.0142349;25.46213219
21.44620153;14.09426344;17.98741596;25.86866176
21.49629783;14.06416129;17.96059701;25.85364662
21.54639413;14.06000691;17.97493213;25.83863147
21.59649043;14.05585254;17.98926725;25.82361633
21.64658674;14.05169816;18.00360237;25.80860119
21.69668304;14.04754378;18.0179375;25.79358604
21.74677934;14.0433894;18.03227262;25.7785709
21.79687564;14.03923503;18.04660774;25.76355576
21.84697194;14.03508065;18.06094286;25.74854061
21.89706824;14.01470277;18.03624914;25.73352547
21.94716454;13.99432489;18.01155542;25.71851033
21.99726084;13.97394701;17.9868617;25.70349518
22.04735714;13.95356913;17.96216798;25.68848004
21.85737972;13.93319125;17.93747426;25.6734649
21.66740229;13.91281337;17.91278054;25.65844975
21.47742487;13.89243549;17.88808682;25.64343461
21.28744745;13.8720576;17.86339309;25.62841947
21.09747003;13.85167972;17.83869937;25.61340432
20.9074926;13.83130184;17.81400565;25.59838918
20.71751518;13.81092396;17.78931193;25.58337404
20.52753776;13.79054608;17.76461821;25.56835889
20.33756033;13.7701682;17.73992449;25.55334375
20.14758291;13.74979032;17.71523077;25.51129911
19.95760549;13.74271686;17.71912418;25.46925446
19.76762807;13.7356434;17.72301758;25.42720982
19.57765064;13.72856994;17.72691099;25.38516518
19.38767322;13.72149649;17.7308044;25.34312054
19.1976958;13.71442303;17.7346978;25.30107589
19.00771838;13.70734957;17.73859121;25.25903125
18.81774095;13.70027611;17.74248462;25.21698661
18.62776353;13.69320265;17.74637802;25.17494196
18.43778611;13.68612919;17.75027143;25.13289732
18.24780868;13.67905573;17.75416483;25.09085268
18.05783126;13.67198228;17.75805824;25.04880804
17.86785384;13.66490882;17.76195165;25.00676339
17.67787642;13.65783536;17.76584505;24.96471875
17.48789899;13.6507619;17.76973846;24.82977153
17.29792157;13.64356215;17.77539164;24.69482432
17.45481846;13.6363624;17.78104483;24.5598771
17.61171534;13.62916265;17.78669801;24.42492989
17.76861223;13.62196289;17.7923512;24.28998267
17.92550911;13.61476314;17.79800438;24.15503546
18.082406;13.60756339;17.80365757;24.02008824
18.23930289;13.60036364;17.80931075;23.88514103
18.39619977;13.59316389;17.81496394;23.75019381
18.55309666;13.58596414;17.82061712;23.6152466
18.70999354;13.57876439;17.82627031;23.48029938
18.86689043;13.57156464;17.83192349;23.34535217
19.02378732;13.56436488;17.83757668;23.21040495
19.1806842;13.55716513;17.84322986;23.07545774
19.33758109;13.54996538;17.84888305;22.94051052
19.49447797;13.54276563;17.85453623;22.8055633
19.65137486;13.54926916;17.77103105;22.67061609
19.80827174;13.55577268;17.68752588;22.53566887
19.96516863;13.56227621;17.6040207;22.40072166
20.12206552;13.56877974;17.52051553;22.26577444
20.2789624;13.57528327;17.43701035;22.13082723
20.43585929;13.58178679;17.35350518;21.99588001
20.59275617;13.58829032;17.27;21.8609328
20.74965306;13.53075781;17.2357343;21.72598558
20.83368645;13.47322529;17.2014686;21.59103837
20.91771984;13.41569278;17.1672029;21.45609115
21.00175323;13.35816027;17.1329372;21.32114394
21.08578662;13.30062775;17.0986715;21.18619672
21.16982001;13.24309524;17.0644058;21.3428787
21.2538534;13.28269771;17.09210387;21.49956068
21.33788679;13.32230017;17.11980195;21.65624266
21.34092135;13.36190264;17.14750002;21.81292465
21.34395591;13.4015051;17.17519809;21.96960663
21.34699047;13.44110757;17.20289616;22.12628861
21.35002503;13.48071003;17.23059424;22.28297059
21.35305959;13.5203125;17.25829231;22.37170676
21.35609415;13.60861933;17.28670604;22.46044292
21.35912871;13.69692616;17.31511977;22.54917909
21.36216327;13.78523299;17.3435335;22.63791526
21.28156242;13.87353983;17.37194722;22.72665142
21.20096156;13.96184666;17.40036095;22.81538759
21.12036071;14.05015349;17.42877468;22.90412376
21.03975985;14.13846032;17.45718841;22.99285992
20.959159;14.16994367;17.53864306;23.08159609
20.87855814;14.20142701;17.62009771;23.17033225
20.9033075;14.23291036;17.70155236;23.25906842
20.92805685;14.26439371;17.78300702;23.34780459
20.95280621;14.29587706;17.86446167;23.43654075
20.97755557;14.3273604;17.94591632;23.52527692
21.00230492;14.35884375;18.02737097;23.57583167
21.02705428;14.34958497;17.99870131;23.62638643
21.05180364;14.34032618;17.97003164;23.67694118
21.07655299;14.3310674;17.94136198;23.72749594
21.10130235;14.32180861;17.91269232;23.77805069
21.12605171;14.31254983;17.88402266;23.82860545
21.15080107;14.30329104;17.85535299;23.8791602
21.17555042;14.29403226;17.82668333;23.92971495
21.20029978;14.33324885;17.84027098;23.98026971
21.22504914;14.37246544;17.85385863;24.03082446
21.24979849;14.41168203;17.86744628;24.08137922
21.27454785;14.45089862;17.88103393;24.13193397
21.29929721;14.49011521;17.89462158;24.18248873
21.32404656;14.5293318;17.90820923;24.23304348
21.34879592;14.56854839;17.92179688;24.15452745
21.09064349;14.58091839;17.91992996;24.07601142
20.83249105;14.59328839;17.91806304;23.99749539
20.57433862;14.60565838;17.91619612;23.91897936
20.31618619;14.61802838;17.91432921;23.84046333
20.05803376;14.63039838;17.91246229;23.7619473
19.79988132;14.64276838;17.91059537;23.68343127
19.54172889;14.65513838;17.90872845;23.60491524
19.28357646;14.66750837;17.90686153;23.52639921
19.02542403;14.67987837;17.90499461;23.44788318
18.76727159;14.69224837;17.90312769;23.36936715
18.50911916;14.70461837;17.90126077;23.29085112
18.25096673;14.71698837;17.89939386;23.21233509
17.9928143;14.72935836;17.89752694;23.13381906
17.73466186;14.74172836;17.89566002;23.05530303
17.47650943;14.75409836;17.8937931;23.1289967
17.52234196;14.77215691;17.88146806;23.20269037
17.56817449;14.79021546;17.86914302;23.27638405
17.61400702;14.808274;17.85681797;23.35007772
17.65983954;14.82633255;17.84449293;23.42377139
17.70567207;14.8443911;17.83216789;23.49746506
17.7515046;14.86244965;17.81984285;23.57115873
17.79733713;14.8805082;17.8075178;23.64485241
17.84316966;14.89856674;17.79519276;23.71854608
17.88900219;14.91662529;17.78286772;23.79223975
17.93483472;14.93468384;17.77054268;23.86593342
17.98066724;14.95274239;17.75821763;23.93962709
18.02649977;14.97080093;17.74589259;24.01332077
18.0723323;14.98885948;17.73356755;24.08701444
18.11816483;15.00691803;17.72124251;24.16070811
18.16399736;15.00328465;17.70891746;24.23440178
18.20982989;14.99965127;17.69659242;24.30809545
18.25566241;14.99601789;17.68426738;24.38178913
18.30149494;14.99238452;17.67194234;24.4554828
18.34732747;14.98875114;17.65961729;24.52917647
18.39316;14.98511776;17.64729225;24.53045579
18.37618844;14.98148438;17.63496721;24.53173511
18.35921688;14.9828089;17.65055598;24.53301443
18.34224532;14.98413342;17.66614475;24.53429375
18.32527375;14.98545794;17.68173352;24.53557307
18.30830219;14.98678246;17.69732229;24.53685239
18.29133063;14.98810698;17.71291106;24.53813172
18.27435907;14.9894315;17.72849983;24.53941104
18.25738751;14.99075601;17.74408859;24.54069036
18.24041595;14.99208053;17.75967736;24.54196968
18.22344439;14.99340505;17.77526613;24.543249
18.20647282;14.99472957;17.7908549;24.54452832
18.18950126;14.99605409;17.80644367;24.54580764
18.1725297;14.99737861;17.82203244;24.54708696
18.15555814;14.99870313;17.83762121;24.5335221
18.04201827;14.99872434;17.8161897;24.51995724
17.92847841;14.99874554;17.79475818;24.50639238
17.81493854;14.99876675;17.77332667;24.49282752
17.70139867;14.99878795;17.75189515;24.47926265
17.5878588;14.99880916;17.73046364;24.46569779
17.47431894;14.99883036;17.70903212;24.45213293
17.36077907;14.99885157;17.68760061;24.43856807
17.2472392;14.99887277;17.66616909;24.42500321
17.13369934;14.99889398;17.64473758;24.41143835
17.02015947;14.99891518;17.62330606;24.39787349
16.9066196;14.99893639;17.60187455;24.38430863
16.79307973;14.99895759;17.58044303;24.37074376
16.67953987;14.9989788;17.55901152;24.3571789
16.566;14.999;17.53758;24.34361404
16.60367208;15.06295647;17.60888273;24.33004918
16.64134416;15.12691295;17.68018545;24.56779871
16.67901624;15.19086942;17.75148818;24.80554823
16.71668831;15.25482589;17.82279091;25.04329776
16.75436039;15.31878237;17.89409364;25.28104728
16.79203247;15.38273884;17.96539636;25.51879681
16.82970455;15.44669532;18.03669909;25.75654633
16.83892033;15.51065179;18.10800182;25.99429586
16.8481361;15.57460826;18.17930454;26.23204538
16.85735188;15.63856474;18.25060727;26.46979491
16.86656765;15.70252121;18.32191;26.70754443
16.87578343;15.76647768;18.39321273;26.94529396
16.8849992;15.83043416;18.46451545;27.18304348
16.89421498;15.89439063;18.53581818;27.18899307
16.90343075;15.90702233;18.54292654;27.19494266
16.91264653;15.91965402;18.5500349;27.20089225
16.9218623;15.93228572;18.55714326;27.20684184
16.93107808;15.94491741;18.56425162;27.21279143
16.94029385;15.95754911;18.57135998;27.21874101
16.94950963;15.97018081;18.57846834;27.2246906
16.9587254;15.9828125;18.5855767;27.23064019
16.96794118;15.9954442;18.59268506;27.23658978
16.93731889;16.0080759;18.59979342;27.24253937
16.90669661;16.02070759;18.60690178;27.24848896
16.87607432;16.03333929;18.61401015;27.25443855
16.84545203;16.04597098;18.62111851;27.26038814
16.81482975;16.05860268;18.62822687;27.26633773
16.78420746;16.07123438;18.63533523;27.27228732
16.75358518;16.08386607;18.64244359;27.2782369
16.72296289;16.09649777;18.64955195;27.28418649
16.6923406;16.10912947;18.65666031;27.29013608
16.66171832;16.12176116;18.66376867;27.29608567
16.63109603;16.13439286;18.67087703;27.30203526
16.60047374;16.14702455;18.67798539;27.30798485
16.56985146;16.15965625;18.68509375;27.26502624
16.53922917;16.1662395;18.6883806;27.22206763
16.53930944;16.17282274;18.69166744;27.17910903
16.53938971;16.17940599;18.69495429;27.13615042
16.53946999;16.18598923;18.69824114;27.09319181
16.53955026;16.19257248;18.70152799;27.0502332
16.53963053;16.19915573;18.70481483;27.0072746
16.5397108;16.20573897;18.70810168;26.96431599
16.53979108;16.21232222;18.71138853;26.92135738
16.53987135;16.21890546;18.71467537;26.87839877
16.53995162;16.22548871;18.71796222;26.83544017
16.54003189;16.23207195;18.72124907;26.79248156
16.54011217;16.2386552;18.72453591;26.74952295
16.54019244;16.24523845;18.72782276;26.70656434
16.54027271;16.25182169;18.73110961;26.66360574
16.54035298;16.25840494;18.73439646;26.62064713
16.54043326;16.26498818;18.7376833;26.57768852
16.54051353;16.27157143;18.74097015;26.68753426
16.5405938;16.25381007;18.7402926;26.79738
16.54067407;16.23604872;18.73961504;26.90722574
16.54075435;16.21828736;18.73893749;27.01707148
16.54083462;16.20052601;18.73825993;27.12691722
16.54091489;16.18276465;18.73758238;27.23676296
16.74840614;16.1650033;18.73690482;27.3466087
16.9558974;16.14724194;18.73622727;27.33568028
17.16338865;16.14368353;18.7334642;27.32475185
17.37087991;16.14012511;18.73070114;27.31382343
17.57837116;16.1365667;18.72793807;27.302895
17.78586242;16.13300828;18.725175;27.29196658
17.99335367;16.12944987;18.72241193;27.28103815
18.20084492;16.12589145;18.71964887;27.27010973
18.40833618;16.12233304;18.7168858;27.2591813
18.61582743;16.11877462;18.71412273;27.24825288
18.82331869;16.11521621;18.71135967;27.23732446
19.03080994;16.1116578;18.7085966;27.22639603
19.2383012;16.10809938;18.70583353;27.21546761
19.44579245;16.10454097;18.70307046;27.20453918
19.39112781;16.10098255;18.7003074;27.19361076
19.33646318;16.09742414;18.69754433;27.18268233
19.28179854;16.09386572;18.69478126;27.17175391
19.2271339;16.09030731;18.69201819;27.16082548
19.17246927;16.08674889;18.68925513;27.14989706
19.11780463;16.08319048;18.68649206;27.1725419
19.06313999;16.08747049;18.69363198;27.19518674
19.00847535;16.0917505;18.70077191;27.21783159
18.95381072;16.09603051;18.70791183;27.24047643
18.89914608;16.10031052;18.71505175;27.26312127
18.84448144;16.10459053;18.72219168;27.28576611
18.78981681;16.10887054;18.7293316;27.30841095
18.73515217;16.11315055;18.73647152;27.33105579
18.60128399;16.11743056;18.74361145;27.35370064
18.46741581;16.12171057;18.75075137;27.37634548
18.33354764;16.12599058;18.75789129;27.39899032
18.19967946;16.13027059;18.76503122;27.42163516
18.06581128;16.1345506;18.77217114;27.44428
17.9319431;16.13883061;18.77931106;27.46692484
17.79807492;16.14311062;18.78645099;27.48956969
17.66420674;16.14739063;18.79359091;27.51221453
17.53033857;16.14210219;18.79945209;27.53485937
17.39647039;16.13681374;18.80531327;27.56570389
17.26260221;16.1315253;18.81117445;27.5965484
17.12873403;16.12623686;18.81703563;27.62739292
16.99486585;16.12094842;18.82289681;27.65823743
16.86099767;16.11565997;18.82875799;27.68908195
16.7271295;16.11037153;18.83461917;27.71992646
16.59326132;16.10508309;18.84048035;27.75077098
16.45939314;16.09979464;18.84634153;27.7816155
16.32552496;16.0945062;18.85220271;27.81246001
16.19165678;16.08921776;18.85806388;27.84330453
16.0577886;16.08392932;18.86392506;27.87414904
15.92392043;16.07864087;18.86978624;27.90499356
15.79005225;16.07335243;18.87564742;27.93583807
15.65618407;16.06806399;18.8815086;27.96668259
15.52231589;16.06277554;18.88736978;27.99752711
15.38844771;16.0574871;18.89323096;28.02837162
15.25457953;16.05219866;18.89909214;28.05921614
15.12071136;16.04691022;18.90495332;28.09006065
14.98684318;16.04162177;18.9108145;28.12090517
14.852975;16.03633333;18.91667568;28.15174968
15.00666046;16.08778412;18.95559662;28.1825942
15.16034591;16.1392349;18.99451756;28.35713989
15.31403137;16.19068569;19.0334385;28.53168558
15.46771683;16.24213647;19.07235944;28.70623126
15.62140228;16.29358726;19.11128038;28.88077695
15.77508774;16.34503805;19.15020132;29.05532264
15.9287732;16.39648883;19.18912225;29.22986833
16.08245866;16.44793962;19.22804319;29.40441402
16.23614411;16.49939041;19.26696413;29.57895971
16.38982957;16.55084119;19.30588507;29.75350539
16.54351503;16.60229198;19.34480601;29.92805108
16.69720048;16.65374276;19.38372695;30.10259677
16.85088594;16.70519355;19.42264789;29.77365618
17.0045714;16.68534249;19.41622273;29.4447156
17.15825685;16.66549143;19.40979757;29.11577501
17.31194231;16.64564037;19.40337241;28.78683443
17.38288123;16.6257893;19.39694725;28.45789384
17.45382014;16.60593824;19.39052209;28.12895326
17.52475906;16.58608718;19.38409693;27.80001267
17.59569797;16.56623612;19.37767177;27.47107208
17.66663689;16.54638506;19.37124661;27.1421315
17.73757581;16.526534;19.36482145;26.81319091
17.80851472;16.50668294;19.35839629;26.48425033
17.87945364;16.48683187;19.35197113;26.15530974
17.95039255;16.46698081;19.34554597;25.82636916
18.02133147;16.44712975;19.33912081;25.49742857
18.09227038;16.42727869;19.33269565;25.66919943
18.1632093;16.43627466;19.32416835;25.84097029
18.02588753;16.44527062;19.31564105;26.01274115
17.88856576;16.45426659;19.30711375;26.184512
17.751244;16.46326256;19.29858644;26.35628286
17.61392223;16.47225852;19.29005914;26.52805372
17.47660046;16.48125449;19.28153184;26.69982458
17.33927869;16.49025046;19.27300454;26.87159544
17.20195693;16.49924642;19.26447724;27.0433663
17.06463516;16.50824239;19.25594994;27.21513716
16.92731339;16.51723835;19.24742264;27.38690801
16.78999162;16.52623432;19.23889533;27.55867887
16.65266985;16.53523029;19.23036803;27.73044973
16.51534809;16.54422625;19.22184073;27.90222059
16.37802632;16.55322222;19.21331343;27.77031281
16.24070455;16.56547018;19.2036821;27.63840502
16.18427719;16.57771815;19.19405078;27.50649724
16.12784984;16.58996611;19.18441945;27.37458946
16.07142248;16.60221407;19.17478812;27.24268167
16.01499513;16.61446204;19.1651568;27.11077389
15.95856777;16.62671;19.15552547;26.97886611
15.90214042;16.63895797;19.14589414;26.84695832
15.84571306;16.65120593;19.13626282;26.71505054
15.7892857;16.66345389;19.12663149;26.58314276
15.73285835;16.67570186;19.11700016;26.45123497
15.67643099;16.68794982;19.10736884;26.31932719
15.62000364;16.70019778;19.09773751;26.18741941
15.56357628;16.71244575;19.08810618;26.05551162
15.50714892;16.72469371;19.07847485;25.92360384
15.45072157;16.73694167;19.06884353;25.79169606
15.39429421;16.74918964;19.0592122;25.65978827
15.33786686;16.7614376;19.04958087;25.52788049
15.2814395;16.77368557;19.03994955;25.39597271
15.22501215;16.78593353;19.03031822;25.26406492
15.16858479;16.79818149;19.02068689;25.13215714
15.11215743;16.81042946;19.01105557;25.18503096
15.05573008;16.82267742;19.00142424;25.23790478
14.99930272;16.81518541;18.98800233;25.2907786
14.94287537;16.80769339;18.97458042;25.34365242
14.88644801;16.80020138;18.96115851;25.39652624
14.83002065;16.79270937;18.94773659;25.44940006
14.7735933;16.78521735;18.93431468;25.50227388
14.71716594;16.77772534;18.92089277;25.5551477
14.66073859;16.77023333;18.90747086;25.60802152
14.60431123;16.76274132;18.89404895;25.66089534
14.54788388;16.7552493;18.88062704;25.71376916
14.49145652;16.74775729;18.86720512;25.76664298
14.49370894;16.74026528;18.85378321;25.8195168
14.49596135;16.73277326;18.8403613;25.87239062
14.49821377;16.72528125;18.82693939;25.90813483
14.50046618;16.71491439;18.82395012;25.94387903
14.5027186;16.70454752;18.82096084;25.97962324
14.50497101;16.69418066;18.81797157;26.01536745
14.50722343;16.6838138;18.81498229;26.05111166
14.50947584;16.67344693;18.81199302;26.08685586
14.51172826;16.66308007;18.80900374;26.12260007
14.51398068;16.65271321;18.80601447;26.15834428
14.51623309;16.64234634;18.8030252;26.19408848
14.51848551;16.63197948;18.80003592;26.22983269
14.52073792;16.62161261;18.79704665;26.2655769
14.52299034;16.61124575;18.79405737;26.30132111
14.52524275;16.60087889;18.7910681;26.33706531
14.52749517;16.59051202;18.78807882;26.37280952
14.52974758;16.58014516;18.78508955;26.07445153
14.532;16.56667943;18.77267897;25.77609354
14.53805775;16.5532137;18.76026838;25.47773555
14.5441155;16.53974796;18.7478578;25.17937756
14.55017325;16.52628223;18.73544722;24.88101957
14.55623101;16.5128165;18.72303664;24.58266158
14.56228876;16.49935077;18.71062605;24.28430359
14.56834651;16.48588504;18.69821547;23.9859456
14.57440426;16.47241931;18.68580489;23.68758761
14.73221269;16.45895357;18.67339431;23.38922962
14.89002111;16.44548784;18.66098372;23.09087163
15.04782954;16.43202211;18.64857314;22.79251365
15.20563796;16.41855638;18.63616256;22.49415566
15.36344639;16.40509065;18.62375198;22.19579767
15.52125481;16.39162492;18.61134139;21.89743968
15.67906324;16.37815918;18.59893081;21.59908169
15.83687167;16.36469345;18.58652023;21.3007237
15.99468009;16.35122772;18.57410965;21.00236571
16.15248852;16.33776199;18.56169906;20.70400772
16.31029694;16.32429626;18.54928848;20.40564973
16.46810537;16.31083053;18.5368779;20.10729174
16.62591379;16.29736479;18.52446732;19.80893375
16.78372222;16.28389906;18.51205673;19.51057576
16.83178613;16.27043333;18.49964615;19.77693521
16.87985005;16.25912992;18.49544369;20.04329466
16.92791396;16.24782651;18.49124124;20.3096541
16.97597788;16.23652309;18.48703878;20.57601355
17.02404179;16.22521968;18.48283632;20.842373
17.07210571;16.21391627;18.47863387;21.10873245
17.12016962;16.20261286;18.47443141;21.37509189
17.16823353;16.19130944;18.47022895;21.64145134
17.21629745;16.18000603;18.46602649;21.90781079
17.26436136;16.16870262;18.46182404;22.17417024
17.31242528;16.15739921;18.45762158;22.44052968
17.36048919;16.14609579;18.45341912;22.70688913
17.40855311;16.13479238;18.44921667;22.97324858
17.45661702;16.12348897;18.44501421;23.23960803
17.37891723;16.11218556;18.44081175;23.50596747
17.30121745;16.10088214;18.4366093;23.77232692
17.22351766;16.08957873;18.43240684;24.03868637
17.14581787;16.07827532;18.42820438;24.30504582
17.06811808;16.06697191;18.42400192;24.57140526
16.9904183;16.05566849;18.41979947;24.83776471
16.91271851;16.04436508;18.41559701;24.67499819
16.83501872;15.90078388;18.32243398;24.51223168
16.75731894;15.75720269;18.22927095;24.34946516
16.67961915;15.61362149;18.13610792;24.18669865
16.60191936;15.47004029;18.04294489;24.02393213
16.52421957;15.3264591;17.94978186;23.86116561
16.44651979;15.1828779;17.85661883;23.6983991
16.36882;15.0392967;17.76345579;23.53563258
16.50781381;14.8957155;17.67029276;23.37286606
16.64680762;14.75213431;17.57712973;23.21009955
16.78580143;14.60855311;17.4839667;23.04733303
16.92479524;14.46497191;17.39080367;22.88456652
17.06378905;14.32139072;17.29764064;22.7218
17.20278286;14.17780952;17.20447761;22.65955055
17.34177667;14.29083446;17.28076759;22.5973011
17.48077047;14.40385941;17.35705757;22.53505165
17.61976428;14.51688435;17.43334755;22.4728022
17.75875809;14.62990929;17.50963752;22.41055275
17.8977519;14.74293424;17.5859275;22.3483033
18.03674571;14.85595918;17.66221748;22.28605385
18.17573952;14.96898413;17.73850746;22.22380439
18.31473333;15.08200907;17.81479744;22.16155494
18.32347405;15.19503401;17.89108742;22.09930549
18.33221477;15.30805896;17.9673774;22.03705604
18.34095549;15.4210839;18.04366737;21.97480659
18.34969621;15.53410884;18.11995735;21.91255714
18.35843693;15.64713379;18.19624733;21.85030769
18.36717765;15.76015873;18.27253731;21.80875781
18.37591837;15.75537456;18.25794871;21.76720793
18.35650851;15.75059039;18.24336011;21.72565805
18.33709865;15.74580622;18.2287715;21.68410817
18.31768879;15.74102204;18.2141829;21.64255829
18.29827893;15.73623787;18.1995943;21.60100841
18.27886907;15.7314537;18.1850057;21.55945854
18.25945921;15.72666953;18.1704171;21.51790866
18.24004936;15.72188536;18.15582849;21.47635878
18.2206395;15.71710119;18.14123989;21.4348089
18.20122964;15.71231702;18.12665129;21.39325902
18.18181978;15.70753284;18.11206269;21.35170914
18.16240992;15.70274867;18.09747408;21.31015926
18.14300006;15.6979645;18.08288548;21.26860938
18.1235902;15.69318033;18.06829688;21.70478498
18.10418034;15.72262647;18.09407567;22.14096058
18.08477048;15.7520726;18.11985447;22.57713618
18.06536062;15.78151874;18.14563326;23.01331179
18.04595076;15.81096487;18.17141206;23.44948739
18.0265409;15.84041101;18.19719085;23.88566299
18.00713104;15.86985714;18.22296965;24.32183859
17.98772118;15.89930328;18.24874844;24.75801419
17.96831133;15.92874942;18.27452723;25.19418979
17.94890147;15.95819555;18.30030603;25.63036539
17.92949161;15.98764169;18.32608482;26.066541
17.91008175;16.01708782;18.35186362;26.5027166
17.89067189;16.04653396;18.37764241;26.9388922
17.87126203;16.07598009;18.40342121;27.3750678
17.85185217;16.10542623;18.4292;26.97976209
17.83244231;16.1131123;18.42143125;26.58445638
17.91667949;16.12079838;18.4136625;26.18915067
18.00091667;16.12848445;18.40589375;25.79384497
18.08515385;16.13617052;18.398125;25.39853926
18.16939103;16.14385659;18.39035625;25.00323355
18.25362821;16.15154267;18.3825875;24.60792784
18.33786539;16.15922874;18.37481875;24.21262213
18.42210257;16.16691481;18.36705;23.81731642
18.50633974;16.17460089;18.35928125;23.42201071
18.59057692;16.18228696;18.3515125;23.02670501
18.6748141;16.18997303;18.34374375;22.6313993
18.75905128;16.1976591;18.335975;22.23609359
18.84328846;16.20534518;18.32820625;21.84078788
18.92752564;16.21303125;18.3204375;21.96161111
19.01176282;16.20446832;18.31662661;22.08243434
19.096;16.19590539;18.31281573;22.20325758
18.95846612;16.18734246;18.30900484;22.32408081
18.82093223;16.17877953;18.30519395;22.44490404
18.68339835;16.1702166;18.30138306;22.56572727
18.54586447;16.16165367;18.29757218;22.6865505
18.40833059;16.15309074;18.29376129;22.80737374
18.2707967;16.14452781;18.2899504;22.92819697
18.13326282;16.13596488;18.28613951;23.0490202
17.99572894;16.12740195;18.28232863;23.16984343
17.85819505;16.11883902;18.27851774;23.29066666
17.72066117;16.11027609;18.27470685;23.4114899
17.58312729;16.10171316;18.27089596;23.53231313
17.44559341;16.09315023;18.26708508;23.65313636
17.30805952;16.0845873;18.26327419;23.95351293
17.17052564;16.09151855;18.26048122;24.2538895
17.03299176;16.0984498;18.25768824;24.55426607
16.89545787;16.10538105;18.25489527;24.85464263
16.75792399;16.1123123;18.25210229;25.1550192
16.62039011;16.11924355;18.24930932;25.45539577
16.48285623;16.1261748;18.24651634;25.75577234
16.34532234;16.13310605;18.24372337;26.05614891
16.20778846;16.1400373;18.24093039;26.35652548
16.20345389;16.14696855;18.23813742;26.65690204
16.19911932;16.1538998;18.23534444;26.95727861
16.19478474;16.16083105;18.23255147;27.25765518
16.19045017;16.1677623;18.22975849;27.55803175
16.1861156;16.17469355;18.22696552;27.33659761
16.18178103;16.19232088;18.24297374;27.11516348
16.17744645;16.20994821;18.25898197;26.89372934
16.17311188;16.22757554;18.27499019;26.67229521
16.16877731;16.24520288;18.29099841;26.45086107
16.16444274;16.26283021;18.30700664;26.22942694
16.16010816;16.28045754;18.32301486;26.0079928
16.15577359;16.29808487;18.33902309;25.78655866
16.15143902;16.3157122;18.35503131;25.56512453
16.30770318;16.33333953;18.37103953;25.34369039
16.46396734;16.35096686;18.38704776;25.12225626
16.6202315;16.3685942;18.40305598;24.90082212
16.77649566;16.38622153;18.4190642;24.67938799
16.93275982;16.40384886;18.43507243;24.45795385
17.08902398;16.42147619;18.45108065;24.54783438
17.24528814;16.42331746;18.46257561;24.6377149
17.40155229;16.42515873;18.47407057;24.72759543
17.55781645;16.427;18.48556553;24.81747596
17.71408061;16.42884127;18.49706049;24.90735649
17.87034477;16.43068254;18.50855545;24.99723701
18.02660893;16.43252381;18.52005041;25.08711754
18.18287309;16.43436508;18.53154537;25.17699807
18.33913725;16.43620635;18.54304033;25.2668786
18.64601344;16.43804762;18.55453528;25.35675912
18.95288962;16.43988889;18.56603024;25.44663965
19.25976581;16.44173016;18.5775252;25.53652018
19.56664199;16.44357143;18.58902016;25.62640071
19.87351818;16.4454127;18.60051512;25.71628123
20.18039436;16.44725397;18.61201008;25.80616176
20.48727055;16.44909524;18.62350504;25.81062484
20.79414674;16.45093651;18.635;25.81508792
21.10102292;16.45228572;18.62115301;25.819551
21.40789911;16.45363492;18.60730601;25.82401409
21.71477529;16.45498413;18.59345902;25.82847717
22.02165148;16.45633333;18.57961202;25.83294025
22.32852766;16.45768254;18.56576503;25.83740333
22.63540385;16.45903175;18.55191804;25.84186641
22.55796337;16.46038095;18.53807104;25.84632949
22.4805229;16.46173016;18.52422405;25.85079258
22.40308242;16.46307936;18.51037705;25.85525566
22.32564195;16.46442857;18.49653006;25.85971874
22.24820147;16.46577777;18.48268306;25.86418182
22.17076099;16.46712698;18.46883607;26.02006579
22.09332052;16.45251247;18.45380983;26.17594976
22.01588004;16.43789796;18.4387836;26.33183373
21.93843956;16.42328344;18.42375736;26.48771769
21.86099909;16.40866893;18.40873112;26.64360166
21.78355861;16.39405442;18.39370488;26.79948563
21.70611814;16.37943991;18.37867865;26.9553696
21.62867766;16.3648254;18.36365241;27.11125357
21.55123718;16.35021088;18.34862617;27.26713754
21.47379671;16.33559637;18.33359994;27.42302151
21.39635623;16.32098186;18.3185737;27.57890547
21.31891575;16.30636735;18.30354746;27.73478944
21.24147528;16.29175283;18.28852122;27.89067341
21.1640348;16.27713832;18.27349499;28.04655738
21.08659433;16.26252381;18.25846875;27.90132665
21.00915385;16.22730952;18.232496;27.75609592
20.87538598;16.19209524;18.20652325;27.61086518
20.7416181;16.15688095;18.1805505;27.46563445
20.60785023;16.12166667;18.15457775;27.32040372
20.47408236;16.08645238;18.128605;27.17517299
20.34031448;16.0512381;18.10263225;27.02994226
20.20654661;16.01602381;18.0766595;26.88471153
20.07277874;15.98080953;18.05068676;26.73948079
19.93901086;15.94559524;18.02471401;26.59425006
19.80524299;15.91038095;17.99874126;26.44901933
19.67147511;15.87516667;17.97276851;26.3037886
19.53770724;15.83995238;17.94679576;26.15855787
19.40393937;15.8047381;17.92082301;26.01332713
19.27017149;15.76952381;17.89485026;25.8680964
19.13640362;15.73430953;17.86887751;25.72286567
19.00263575;15.69909524;17.84290476;25.5926518
18.86886787;15.67311075;17.82964472;25.46243792
18.7351;15.64712626;17.81638467;25.33222405
18.49272711;15.62114177;17.80312463;25.20201017
18.25035423;15.59515728;17.78986459;25.0717963
18.00798134;15.56917279;17.77660454;24.94158242
17.76560846;15.5431883;17.7633445;24.81136855
17.52323557;15.51720382;17.75008446;24.68115468
17.28086269;15.49121933;17.73682441;24.5509408
17.0384898;15.46523484;17.72356437;24.42072693
17.19464236;15.43925035;17.71030432;24.29051305
17.35079492;15.41326586;17.69704428;24.16029918
17.50694748;15.38728137;17.68378424;24.0300853
17.66310004;15.36129688;17.67052419;23.89987143
17.8192526;15.35158179;17.65726415;23.92360203
17.97540516;15.3418667;17.66626207;23.94733263
18.13155772;15.33215162;17.67525999;23.97106323
18.28771028;15.32243653;17.68425791;23.99479383
18.44386285;15.31272144;17.69325583;24.01852443
18.60001541;15.30300635;17.70225374;24.04225503
18.75616797;15.29329126;17.71125166;24.06598563
18.91232053;15.28357617;17.72024958;24.08971623
19.06847309;15.27386109;17.7292475;24.11344683
19.22462565;15.264146;17.73824542;24.13717743
19.38077821;15.25443091;17.74724334;24.16090803
19.53693077;15.24471582;17.75624126;24.18463863
19.69308333;15.23500073;17.76523918;24.20836923
19.67650326;15.22528564;17.7742371;24.32221399
19.6599232;15.21557056;17.78323502;24.43605874
19.64334313;15.20585547;17.79223293;24.5499035
19.62676307;15.19614038;17.80123085;24.66374825
19.610183;15.18642529;17.81022877;24.77759301
19.59360294;15.1767102;17.81922669;24.89143776
19.57702287;15.16699511;17.82822461;25.00528252
19.56044281;15.15728003;17.83722253;25.11912727
19.54386274;15.14756494;17.84622045;25.23297203
19.52728268;15.13784985;17.85521837;25.34681678
19.51070261;15.12813476;17.86421629;25.46066154
19.49412255;15.11841967;17.8732142;25.57450629
19.47754248;15.10870458;17.88221212;25.68835105
19.46096242;15.0989895;17.89121004;25.8021958
19.44438235;15.08927441;17.90020796;25.91604056
19.42780229;15.07955932;17.90920588;26.02988531
19.41122222;15.0965807;17.93894603;26.14373007
19.42780229;15.11360208;17.96868617;26.25757483
19.41122222;15.13062346;17.99842632;26.37141958
19.54386274;15.14764484;18.02816647;26.48526434
19.52728268;15.16466621;18.05790661;26.59910909
19.51070261;15.18168759;18.08764676;26.71295385
19.49412255;15.19870897;18.1173869;26.8267986
19.47754248;15.21573035;18.14712705;26.94064336
19.46096242;15.23275173;18.1768672;27.05448811
19.44438235;15.24977311;18.20660734;27.16833287
19.42780229;15.26679449;18.23634749;27.28217762
19.41122222;15.28381587;18.26608764;27.39602238
